num,cell,label,url,kind,drive_name,local_file,status,error
A1,Dzongsar!D28,M29C34F4A ཤེས་རབ་སྙིང་པོ། -Segmentation,https://drive.google.com/open?id=1nN9d4zRQ4XEQ1Jn162icCMBFvMsCaqs48jStPZf1xH0&usp=drive_copy,doc,M29C34F4A ཤེས་རབ་སྙིང་པོ། - Clean text,Heart/A1__M29C34F4A ཤེས་རབ་སྙིང་པོ། - Clean text.docx,downloaded,
A2,Dzongsar!D30,R64282E1A ཤེར་སྙིང་འགྲེལ་པ་སྔགས་སུ་བཀྲལ་པ། - Sentence - Segm,https://docs.google.com/document/d/1jdU0BG-C3BSJqEOnh8OHd5EgdXhxRe6ncyNE5Tr_874/edit?tab=t.0,doc,R64282E1A ཤེར་སྙིང་འགྲེལ་པ་སྔགས་སུ་བཀྲལ་པ། - Sentence - Segm,Heart/A2__R64282E1A ཤེར་སྙིང་འགྲེལ་པ་སྔགས་སུ་བཀྲལ་པ། - Sentence - Segm.docx,downloaded,
A3,Dzongsar!F30,R64282E1A ཤེར་སྙིང་འགྲེལ་པ་སྔགས་སུ་བཀྲལ་པ། - Citation,https://docs.google.com/document/d/1ecXSzZnrvgfYTGEatODQV3CeXQsmzcQ64bgUJ0aL1ts/edit?tab=t.0,doc,R64282E1A ཤེར་སྙིང་འགྲེལ་པ་སྔགས་སུ་བཀྲལ་པ། - Citation,Heart/A3__R64282E1A ཤེར་སྙིང་འགྲེལ་པ་སྔགས་སུ་བཀྲལ་པ། - Citation.docx,downloaded,
A4,Dzongsar!D31,RA88988D0 བཅོམ་ལྡན་འདས་མ་ཤེས་རབ་ཀྱི་ཕ་རོལ་ཏུ་ཕྱིན་པའི་སྙིང་པོའི་འགྲེལ་པ་དོན་གྱི་སྒྲོན་མ། -,https://docs.google.com/document/d/18wozXWjhR6TB-lZPbUnC2nsA6iZ-L7lUAJkudcVJX6Y/edit?tab=t.0,doc,RA88988D0 བཅོམ་ལྡན་འདས་མ་ཤེས་རབ་ཀྱི་ཕ་རོལ་ཏུ་ཕྱིན་པའི་སྙིང་པོའི་འགྲེལ་པ་དོན་གྱི་སྒྲོན་མ། - Sentence- Segm,Heart/A4__RA88988D0 བཅོམ་ལྡན་འདས་མ་ཤེས་རབ་ཀྱི་ཕ་རོལ་ཏུ་ཕྱིན་པའི་སྙིང་པོའི་འགྲེལ་པ་དོན་གྱི་སྒྲོན་མ། - Sentence- Segm.docx,downloaded,
A5,Dzongsar!D32,RB76B7B48 ཤེར་ཕྱིན་སྙིང་པོའི་མདོའི་ཚིག་འགྲེལ་རྨད་དུ་བྱུང་བ་བཞུགས། -Sentenc-Segm,https://docs.google.com/document/d/1MpD_FQC2l2IUy09LXj6rgyHnAXpU-TgsV7S7VicuuMo/edit?tab=t.0,doc,RB76B7B48 ཤེར་ཕྱིན་སྙིང་པོའི་མདོའི་ཚིག་འགྲེལ་རྨད་དུ་བྱུང་བ་བཞུགས། -Sentenc-Segm,Heart/A5__RB76B7B48 ཤེར་ཕྱིན་སྙིང་པོའི་མདོའི་ཚིག་འགྲེལ་རྨད་དུ་བྱུང་བ་བཞུགས། -Sentenc-Segm.docx,downloaded,
A6,Dzongsar!F32,RB76B7B48 ཤེར་ཕྱིན་སྙིང་པོའི་མདོའི་ཚིག་འགྲེལ་རྨད་དུ་བྱུང་བ་བཞུགས། -Citation,https://docs.google.com/document/d/1blPX0gNwEdCMdAGGcQyT7R8JsC7KyWRvG8eWfoFSnk8/edit?tab=t.0,doc,RB76B7B48 ཤེར་ཕྱིན་སྙིང་པོའི་མདོའི་ཚིག་འགྲེལ་རྨད་དུ་བྱུང་བ་བཞུགས། -Citation,Heart/A6__RB76B7B48 ཤེར་ཕྱིན་སྙིང་པོའི་མདོའི་ཚིག་འགྲེལ་རྨད་དུ་བྱུང་བ་བཞུགས། -Citation.docx,downloaded,
C1,folder R429207AA,OCR/R429207AA འཕགས་པ་ཤེས་རབ་ཀྱི་ཕ་རོལ་ཏུ་ཕྱིན་པའི་སྙིང་པོའི་རྒྱ་ཆེར་བཤད་པ། - B4.pdf,https://drive.google.com/file/d/1DKeF19SiBUZfczQkRy7m0VnpmmsxUhPC/view,file,R429207AA འཕགས་པ་ཤེས་རབ་ཀྱི་ཕ་རོལ་ཏུ་ཕྱིན་པའི་སྙིང་པོའི་རྒྱ་ཆེར་བཤད་པ། - B4.pdf,Heart/C1__R429207AA འཕགས་པ་ཤེས་རབ་ཀྱི་ཕ་རོལ་ཏུ་ཕྱིན་པའི་སྙིང་པོའི་རྒྱ་ཆེར་བཤད་པ། - B4.pdf,downloaded,
C2,folder R429207AA,OCR/R429207AA འཕགས་པ་ཤེས་རབ་ཀྱི་ཕ་རོལ་ཏུ་ཕྱིན་པའི་སྙིང་པོའི་རྒྱ་ཆེར་བཤད་པ།-6.pdf,https://drive.google.com/file/d/1QIPEyeduHU2Wj_XPOElAc4FdI7QkxphN/view,file,R429207AA འཕགས་པ་ཤེས་རབ་ཀྱི་ཕ་རོལ་ཏུ་ཕྱིན་པའི་སྙིང་པོའི་རྒྱ་ཆེར་བཤད་པ།-6.pdf,Heart/C2__R429207AA འཕགས་པ་ཤེས་རབ་ཀྱི་ཕ་རོལ་ཏུ་ཕྱིན་པའི་སྙིང་པོའི་རྒྱ་ཆེར་བཤད་པ།-6.pdf,downloaded,
C3,folder R429207AA,OCR/R429207AA འཕགས་པ་ཤེས་རབ་ཀྱི་ཕ་རོལ་ཏུ་ཕྱིན་པའི་སྙིང་པོའི་རྒྱ་ཆེར་བཤད་པ།-B2.pdf,https://drive.google.com/file/d/1VykmyE9IHzM5DSNFChcxX4DZVVwr39Ak/view,file,R429207AA འཕགས་པ་ཤེས་རབ་ཀྱི་ཕ་རོལ་ཏུ་ཕྱིན་པའི་སྙིང་པོའི་རྒྱ་ཆེར་བཤད་པ།-B2.pdf,Heart/C3__R429207AA འཕགས་པ་ཤེས་རབ་ཀྱི་ཕ་རོལ་ཏུ་ཕྱིན་པའི་སྙིང་པོའི་རྒྱ་ཆེར་བཤད་པ།-B2.pdf,downloaded,
C4,folder R429207AA,OCR/R429207AA འཕགས་པ་ཤེས་རབ་ཀྱི་ཕ་རོལ་ཏུ་ཕྱིན་པའི་སྙིང་པོའི་རྒྱ་ཆེར་བཤད་པ།-B5.pdf,https://drive.google.com/file/d/1QxnF7VpF0Y93nrmyvLTll11xoC0Gb8YT/view,file,R429207AA འཕགས་པ་ཤེས་རབ་ཀྱི་ཕ་རོལ་ཏུ་ཕྱིན་པའི་སྙིང་པོའི་རྒྱ་ཆེར་བཤད་པ།-B5.pdf,Heart/C4__R429207AA འཕགས་པ་ཤེས་རབ་ཀྱི་ཕ་རོལ་ཏུ་ཕྱིན་པའི་སྙིང་པོའི་རྒྱ་ཆེར་བཤད་པ།-B5.pdf,downloaded,
C5,folder R93128D03,OCR/R93128D03 ཤེར་སྙིང་རྣམ་བཤད་ཡུམ་དོན་རབ་གསལ།-3.pdf,https://drive.google.com/file/d/13w94MrMi2KZ1_4RJ1VdwLYvPT2vaW8lv/view,file,R93128D03 ཤེར་སྙིང་རྣམ་བཤད་ཡུམ་དོན་རབ་གསལ།-3.pdf,Heart/C5__R93128D03 ཤེར་སྙིང་རྣམ་བཤད་ཡུམ་དོན་རབ་གསལ།-3.pdf,downloaded,
C6,folder R93128D03,R93128D03 ཤེར་སྙིང་རྣམ་བཤད་ཡུམ་དོན་རབ་གསལ།- ཡིག་རྐྱང་རྩེ་ཕུད། (Best E-text)/common_spell w,https://drive.google.com/file/d/1J_XIstfcHJmZRlHSd1BKBxn5QWTYkkW9/view,file,common_spell.docx,,failed,"Uploaded .docx you can view, but it is not shared by link: Drive only serves it to a normal browser download, which cannot be captured into the zip (in-page fetch blocked by CORS). File itself is accessible."
C7,folder R73677AF7,OCR/R73677AF7 ཤེར་རབ་སྙིང་པོའི་རྣམ་བཤད་ཟབ་མོའི་དེ་ཁོ་ན་ཉིད་གསལ་བར་བྱེད་པའི་ཉི་མ།-B2.pdf,https://drive.google.com/file/d/15WegskdOSVRf_WGGAmGDeOnUOksgCWn_/view,file,R73677AF7 ཤེར་རབ་སྙིང་པོའི་རྣམ་བཤད་ཟབ་མོའི་དེ་ཁོ་ན་ཉིད་གསལ་བར་བྱེད་པའི་ཉི་མ།-B2.pdf,Heart/C7__R73677AF7 ཤེར་རབ་སྙིང་པོའི་རྣམ་བཤད་ཟབ་མོའི་དེ་ཁོ་ན་ཉིད་གསལ་བར་བྱེད་པའི་ཉི་མ།-B2.pdf,downloaded,
C8,folder R73677AF7,R73677AF7 ཤེར་རབ་སྙིང་པོའི་རྣམ་བཤད་ཟབ་མོའི་དེ་ཁོ་ན་ཉིད་གསལ་བར་བྱེད་པའི་ཉི་མ།- ཡིག་རྐྱང་རྩེ,https://drive.google.com/file/d/11_lA5xirVzlY-T-Db-AOY2Kzc-wb0ZYK/view,file,common_spell.docx,,failed,"Uploaded .docx you can view, but it is not shared by link: Drive only serves it to a normal browser download, which cannot be captured into the zip (in-page fetch blocked by CORS). File itself is accessible."
C9,folder R4D2984CC,OCR/R4D2984CC ཤེས་རབ་སྙིང་པོའི་འགྲེལ་པ་དོན་གསལ་ནོར་བུའི་འོད།-B2.pdf,https://drive.google.com/file/d/1EuQGmu3cmeAESLYGkRLkqkXfi2DBK9Ud/view,file,R4D2984CC ཤེས་རབ་སྙིང་པོའི་འགྲེལ་པ་དོན་གསལ་ནོར་བུའི་འོད།-B2.pdf,Heart/C9__R4D2984CC ཤེས་རབ་སྙིང་པོའི་འགྲེལ་པ་དོན་གསལ་ནོར་བུའི་འོད།-B2.pdf,downloaded,
C10,folder R4D2984CC,OCR/R4D2984CC ཤེས་རབ་སྙིང་པོའི་འགྲེལ་པ་དོན་གསལ་ནོར་བུའི་འོད།-B6.pdf,https://drive.google.com/file/d/1foGXFICwoIQRrFIezqPmOOzo0b-8wO-O/view,file,R4D2984CC ཤེས་རབ་སྙིང་པོའི་འགྲེལ་པ་དོན་གསལ་ནོར་བུའི་འོད།-B6.pdf,Heart/C10__R4D2984CC ཤེས་རབ་སྙིང་པོའི་འགྲེལ་པ་དོན་གསལ་ནོར་བུའི་འོད།-B6.pdf,downloaded,
C11,folder R4D2984CC,R4D2984CC ཤེས་རབ་སྙིང་པོའི་འགྲེལ་པ་དོན་གསལ་ནོར་བུའི་འོད།- ཡིག་རྐྱང་རྩེ་ཕུད། (Best E-Text)/,https://drive.google.com/file/d/1dsKZKLRgfjYbllyor561PkWplygSPUey/view,file,common_spell.docx,,failed,"Uploaded .docx you can view, but it is not shared by link: Drive only serves it to a normal browser download, which cannot be captured into the zip (in-page fetch blocked by CORS). File itself is accessible."
C12,folder RF09D1EEF,OCR/Prajnaparamitahridaya-EN.pdf Need ocr,https://drive.google.com/file/d/1Q0FvoSMrvZbtcYoJblh8pal3qonpjPqA/view,file,Prajnaparamitahridaya-EN.pdf Need ocr,Heart/C12__Prajnaparamitahridaya-EN.pdf Need ocr,downloaded,
C13,folder RF09D1EEF,OCR/The heart of Prajna Para mita sutra.pdf Need ocr,https://drive.google.com/file/d/1ywNmpxGCMMfZnQmwkKV2w8dBhzqFLSkM/view,file,The heart of Prajna Para mita sutra.pdf Need ocr,Heart/C13__The heart of Prajna Para mita sutra.pdf Need ocr,downloaded,
C14,folder RBEAD9D91,Others/RBEAD9D91 ཤེར་སྙིང་གི་མདོའི་སྦས་དོན་མངོན་རྟོགས་གསལ་བའི་ཉི་མ།.pdf,https://drive.google.com/file/d/1LlLm1mfzzJtTlLPYUvJHImwZ1Jb3o-6x/view,file,RBEAD9D91 ཤེར་སྙིང་གི་མདོའི་སྦས་དོན་མངོན་རྟོགས་གསལ་བའི་ཉི་མ།.pdf,Heart/C14__RBEAD9D91 ཤེར་སྙིང་གི་མདོའི་སྦས་དོན་མངོན་རྟོགས་གསལ་བའི་ཉི་མ།.pdf,downloaded,
C15,folder RBEAD9D91,Others/RBEAD9D91 ཤེར་སྙིང་གི་མདོའི་སྦས་དོན་མངོན་རྟོགས་གསལ་བའི་ཉི་མ།.txt,https://drive.google.com/file/d/1lsX0VTYpghE-rxRFgrQytTyl090aymNd/view,file,RBEAD9D91 ཤེར་སྙིང་གི་མདོའི་སྦས་དོན་མངོན་རྟོགས་གསལ་བའི་ཉི་མ།.txt,Heart/C15__RBEAD9D91 ཤེར་སྙིང་གི་མདོའི་སྦས་དོན་མངོན་རྟོགས་གསལ་བའི་ཉི་མ།.txt,downloaded,
C16,folder R46878C73,Others/R46878C73 ཤེས་རབ་སྙིང་པོའི་འགྲེལ་བ་ཟབ་མོ་སྣང་བའི་གཏེར་སྒོ་ཞེས་བྱ་བ་བཞུགས་སོ། །-B2.p,https://drive.google.com/file/d/1_xrXCsFnFziymPpgnjvs0CclzipetVUb/view,file,R46878C73 ཤེས་རབ་སྙིང་པོའི་འགྲེལ་བ་ཟབ་མོ་སྣང་བའི་གཏེར་སྒོ་ཞེས་བྱ་བ་བཞུགས་སོ། །-B2.pdf,Heart/C16__R46878C73 ཤེས་རབ་སྙིང་པོའི་འགྲེལ་བ་ཟབ་མོ་སྣང་བའི་གཏེར་སྒོ་ཞེས་བྱ་བ་བཞུགས་སོ། །-B2.pdf,downloaded,
C17,folder RA6E8F24A,OCR/RA6E8F24A ཤེས་རབ་སྙིང་པོའི་མཆན་འགྲེལ་མདོར་བསྡུས། -B2.pdf,https://drive.google.com/file/d/1jWLA0kfMPp5D8T2Kcnv68E0ffW9xSMOf/view,file,RA6E8F24A  ཤེས་རབ་སྙིང་པོའི་མཆན་འགྲེལ་མདོར་བསྡུས། -B2.pdf,Heart/C17__RA6E8F24A  ཤེས་རབ་སྙིང་པོའི་མཆན་འགྲེལ་མདོར་བསྡུས། -B2.pdf,downloaded,
D1,Tibetan!B28,ཤེས་རབ་སྙིང་པོ།,https://docs.google.com/document/d/1BZrSE89ME7fgHlBicYRpvLm5FbcBFoFYaIWu6ciFBsc/edit,folder-item,common_spell-foot note,Heart/D1__M29C34F4A ཤེས་རབ་སྙིང་པོ།/M29C34F4A ཤེས་རབ་སྙིང་པོ།  Root text Alignments/Other/common_spell-foot note.docx,downloaded,
D1,Tibetan!B28,ཤེས་རབ་སྙིང་པོ།,https://docs.google.com/document/d/1SPFwrOqiYT_IwdQB3zWl1JZb-js0zZnWquPM4XE8dbk/edit,folder-item,Common_Spell-without foot note,Heart/D1__M29C34F4A ཤེས་རབ་སྙིང་པོ།/M29C34F4A ཤེས་རབ་སྙིང་པོ།  Root text Alignments/Other/Common_Spell-without foot note.docx,downloaded,
D1,Tibetan!B28,ཤེས་རབ་སྙིང་པོ།,https://docs.google.com/document/d/1fMvXAA_Uli_Fz6YDMhuBnM1h8CRKFaMPDmPRmVJ9Kvo/edit,folder-item,Copy of common_spell-foot note,Heart/D1__M29C34F4A ཤེས་རབ་སྙིང་པོ།/M29C34F4A ཤེས་རབ་སྙིང་པོ།  Root text Alignments/Other/Copy of common_spell-foot note.docx,downloaded,
D1,Tibetan!B28,ཤེས་རབ་སྙིང་པོ།,https://docs.google.com/document/d/1nN9d4zRQ4XEQ1Jn162icCMBFvMsCaqs48jStPZf1xH0/edit,folder-item,M29C34F4A ཤེས་རབ་སྙིང་པོ། - Clean text,Heart/D1__M29C34F4A ཤེས་རབ་སྙིང་པོ།/M29C34F4A ཤེས་རབ་སྙིང་པོ།  Root text Alignments/M29C34F4A ཤེས་རབ་སྙིང་པོ། - Clean text.docx,downloaded,
D1,Tibetan!B28,ཤེས་རབ་སྙིང་པོ།,https://docs.google.com/document/d/17aOakpvLXP09jtUx4yGBWzuZgU7LSmbtIfhKGW_l3Ws/edit,folder-item,M29C34F4A ཤེས་རབ་སྙིང་པོ། - Clean text Tsawa,Heart/D1__M29C34F4A ཤེས་རབ་སྙིང་པོ།/M29C34F4A ཤེས་རབ་སྙིང་པོ།  Root text Alignments/M29C34F4A ཤེས་རབ་སྙིང་པོ། - Clean text Tsawa.docx,downloaded,
D1,Tibetan!B28,ཤེས་རབ་སྙིང་པོ།,https://docs.google.com/document/d/1pKO17IZmZEMH2FdbfTGAmTGoUIZVdkpY3YNPU-BBKPo/edit,folder-item,M29C34F4A ཤེས་རབ་སྙིང་པོ། -Segmentation,Heart/D1__M29C34F4A ཤེས་རབ་སྙིང་པོ།/M29C34F4A ཤེས་རབ་སྙིང་པོ།  Root text Alignments/M29C34F4A ཤེས་རབ་སྙིང་པོ། -Segmentation.docx,downloaded,
D1,Tibetan!B28,ཤེས་རབ་སྙིང་པོ།,https://docs.google.com/spreadsheets/d/1IIGgU5UUxEHZq9-f_4WuBYLmf1Ga693xnVm9C81Kr1o/edit,folder-item,M29C34F4A ཤེས་རབ་སྙིང་པོ། Metadata,Heart/D1__M29C34F4A ཤེས་རབ་སྙིང་པོ།/M29C34F4A ཤེས་རབ་སྙིང་པོ།  Root text Alignments/M29C34F4A ཤེས་རབ་སྙིང་པོ། Metadata.xlsx,downloaded,
D1,Tibetan!B28,ཤེས་རབ་སྙིང་པོ།,https://docs.google.com/document/d/1PDtR6wX987NkpHL86t3onLwokdqcJnHCaDjiX2hIWZo/edit,folder-item,M29C34F4A ཤེས་རབ་སྙིང་པོ། Sanskrit-Tsawa Align,Heart/D1__M29C34F4A ཤེས་རབ་སྙིང་པོ།/M29C34F4A ཤེས་རབ་སྙིང་པོ།  Root text Alignments/M29C34F4A ཤེས་རབ་སྙིང་པོ། Sanskrit-Tsawa Align.docx,downloaded,
D1,Tibetan!B28,ཤེས་རབ་སྙིང་པོ།,https://docs.google.com/document/d/1ywkTSgPD4-PIuxweia_FFkT71wohhu_iLENKK7Mjo9s/edit,folder-item,Untitled document,Heart/D1__M29C34F4A ཤེས་རབ་སྙིང་པོ།/M29C34F4A ཤེས་རབ་སྙིང་པོ།  Root text Alignments/Untitled document.docx,downloaded,
D1,Tibetan!B28,ཤེས་རབ་སྙིང་པོ།,https://docs.google.com/document/d/1-0rWhhhD1NvQ1hMigEQ1pRCz_Oyu2L_KsIaK5I5iC0g/edit,folder-item,MAF75A533 ༄༅། །ཤེས་རབ་སྙིང་པོ་བཞུགས་སོ། ། O-12,Heart/D1__M29C34F4A ཤེས་རབ་སྙིང་པོ།/Others/Cleaned text/MAF75A533 ༄༅། །ཤེས་རབ་སྙིང་པོ་བཞུགས་སོ། ། O-12.docx,downloaded,
D1,Tibetan!B28,ཤེས་རབ་སྙིང་པོ།,https://docs.google.com/document/d/13NpCuIX3_tdg1kBisZMDUC-26gn1z84J8v9LEQ3JGKw/edit,folder-item,MAF75A533 བཅོམ་ལྡན་འདས་མ་ཤེར་རབ་ཀྱི་ཕར་རོལ་དུ་ཕྱིན་པའི་སྙིང་།-O8,Heart/D1__M29C34F4A ཤེས་རབ་སྙིང་པོ།/Others/Cleaned text/MAF75A533 བཅོམ་ལྡན་འདས་མ་ཤེར་རབ་ཀྱི་ཕར་རོལ་དུ་ཕྱིན་པའི་སྙིང་།-O8.docx,downloaded,
D1,Tibetan!B28,ཤེས་རབ་སྙིང་པོ།,https://docs.google.com/document/d/1yZzkkvHeUEeXer0sVXyvM-zTADGNXz8AkmM28Myp30E/edit,folder-item,MAF75A533 བཅོམ་ལྡན་འདས་མ་ཤེར་རབ་ཀྱི་ཕར་རོལ་དུ་ཕྱིན་པའི་སྙིང་། B-2 #,Heart/D1__M29C34F4A ཤེས་རབ་སྙིང་པོ།/Others/Cleaned text/MAF75A533 བཅོམ་ལྡན་འདས་མ་ཤེར་རབ་ཀྱི་ཕར་རོལ་དུ་ཕྱིན་པའི་སྙིང་། B-2 #.docx,downloaded,
D1,Tibetan!B28,ཤེས་རབ་སྙིང་པོ།,https://docs.google.com/document/d/1PeelROtPJLOhPmZPFqSLhMxZUY6wHWEElHUeXrevcYU/edit,folder-item,MAF75A533 བཅོམ་ལྡན་འདས་མ་ཤེར་རབ་ཀྱི་ཕར་རོལ་དུ་ཕྱིན་པའི་སྙིང་། B-3,Heart/D1__M29C34F4A ཤེས་རབ་སྙིང་པོ།/Others/Cleaned text/MAF75A533 བཅོམ་ལྡན་འདས་མ་ཤེར་རབ་ཀྱི་ཕར་རོལ་དུ་ཕྱིན་པའི་སྙིང་། B-3.docx,downloaded,
D1,Tibetan!B28,ཤེས་རབ་སྙིང་པོ།,https://docs.google.com/document/d/1cIo7OLgtH_GLiFGWUS5l-CsmW7thjOGga4qKduwEXrQ/edit,folder-item,MAF75A533 འཇང་བཀའ་འགྱུར་དུ་བཞུགས་པའི་ཤེས་རབ་སྙིང་པོ། O-9,Heart/D1__M29C34F4A ཤེས་རབ་སྙིང་པོ།/Others/Cleaned text/MAF75A533 འཇང་བཀའ་འགྱུར་དུ་བཞུགས་པའི་ཤེས་རབ་སྙིང་པོ། O-9.docx,downloaded,
D1,Tibetan!B28,ཤེས་རབ་སྙིང་པོ།,https://docs.google.com/document/d/13Zdu9IZ6DT6kBRieAvzLeDv-RoMMa_9xCC_d_1KcIuc/edit,folder-item,MAF75A533 ཤེས་རབ་སྙིང་པོ། E-2,Heart/D1__M29C34F4A ཤེས་རབ་སྙིང་པོ།/Others/Cleaned text/MAF75A533 ཤེས་རབ་སྙིང་པོ། E-2.docx,downloaded,
D1,Tibetan!B28,ཤེས་རབ་སྙིང་པོ།,https://docs.google.com/document/d/1_5vXsLTPLebrSEsf9bkmyuVrAeyej5HYXu5G_zsLENU/edit,folder-item,MAF75A533 ཤེས་རབ་སྙིང་པོ། E-6,Heart/D1__M29C34F4A ཤེས་རབ་སྙིང་པོ།/Others/Cleaned text/MAF75A533 ཤེས་རབ་སྙིང་པོ། E-6.docx,downloaded,
D1,Tibetan!B28,ཤེས་རབ་སྙིང་པོ།,https://docs.google.com/document/d/1WVf_ReKYX-OVMM24rUBRGLcO4GG_4NaIhqE8rqJ1apg/edit,folder-item,MAF75A533 ཤེས་རབ་སྙིང་པོ།-E3,Heart/D1__M29C34F4A ཤེས་རབ་སྙིང་པོ།/Others/Cleaned text/MAF75A533 ཤེས་རབ་སྙིང་པོ།-E3.docx,downloaded,
D1,Tibetan!B28,ཤེས་རབ་སྙིང་པོ།,https://docs.google.com/document/d/1SlRArXpNT_cpK1potr82tQgA6D9DT2MG3nWCOSmpQLI/edit,folder-item,MAF75A533 ཤེས་རབ་སྙིང་པོ།-E5,Heart/D1__M29C34F4A ཤེས་རབ་སྙིང་པོ།/Others/Cleaned text/MAF75A533 ཤེས་རབ་སྙིང་པོ།-E5.docx,downloaded,
D1,Tibetan!B28,ཤེས་རབ་སྙིང་པོ།,https://docs.google.com/document/d/1u9DVFnLLkqqoHTtNgdsljS6ESumcV0Ccu6cc5YhN-fk/edit,folder-item,MAF75A533 སྡེ་དགེ་བཀའ་འགྱུར་དུ་བཞུགས་པའི་ཤེས་རབ་སྙིང་པོ། O-9,Heart/D1__M29C34F4A ཤེས་རབ་སྙིང་པོ།/Others/Cleaned text/MAF75A533 སྡེ་དགེ་བཀའ་འགྱུར་དུ་བཞུགས་པའི་ཤེས་རབ་སྙིང་པོ། O-9.docx,downloaded,
D1,Tibetan!B28,ཤེས་རབ་སྙིང་པོ།,https://docs.google.com/document/d/1e1Y_JgocmTOu12Th6tB-sQF2_sSsqXnkMHNjay9ny_M/edit,folder-item,MAF75A533 བཅོམ་ལྡན་འདས་མ་ཤེས་རབ་ཀྱི་ཕ་རོལ་ཏུ་ཕྱིན་པའི་སྙིང་པོ། B-11,Heart/D1__M29C34F4A ཤེས་རབ་སྙིང་པོ།/Others/Cleaned text/MAF75A533 བཅོམ་ལྡན་འདས་མ་ཤེས་རབ་ཀྱི་ཕ་རོལ་ཏུ་ཕྱིན་པའི་སྙིང་པོ། B-11.docx,downloaded,
D1,Tibetan!B28,ཤེས་རབ་སྙིང་པོ།,https://docs.google.com/document/d/1JkCxoalkes-DlYcdtr6QcLzeb1wReWm1q3YHXAX0Mog/edit,folder-item,MAF75A533 བཅོམ་ལྡན་འདས་མ་ཤེས་རབ་ཀྱི་ཕ་རོལ་ཏུ་ཕྱིན་པའི་སྙིང་པོ། B-12,Heart/D1__M29C34F4A ཤེས་རབ་སྙིང་པོ།/Others/Cleaned text/MAF75A533 བཅོམ་ལྡན་འདས་མ་ཤེས་རབ་ཀྱི་ཕ་རོལ་ཏུ་ཕྱིན་པའི་སྙིང་པོ། B-12.docx,downloaded,
D1,Tibetan!B28,ཤེས་རབ་སྙིང་པོ།,https://docs.google.com/document/d/10B4LNIsNvTJorbslP6pHXcGDJb4x9DjuRyiy7uQi1os/edit,folder-item,MAF75A533 བཅོམ་ལྡན་འདས་མ་ཤེས་རབ་ཀྱི་ཕ་རོལ་ཏུ་ཕྱིན་པའི་སྙིང་པོ། B-6,Heart/D1__M29C34F4A ཤེས་རབ་སྙིང་པོ།/Others/Cleaned text/MAF75A533 བཅོམ་ལྡན་འདས་མ་ཤེས་རབ་ཀྱི་ཕ་རོལ་ཏུ་ཕྱིན་པའི་སྙིང་པོ། B-6.docx,downloaded,
D1,Tibetan!B28,ཤེས་རབ་སྙིང་པོ།,https://docs.google.com/document/d/1H7gHw2Cnm8Yuf-mwiTMEV8pJAXhODpzi8bRuhiXSoG8/edit,folder-item,MAF75A533 བཅོམ་ལྡན་འདས་མ་ཤེས་རབ་ཀྱི་ཕ་རོལ་ཏུ་ཕྱིན་པའི་སྙིང་པོ། B-8,Heart/D1__M29C34F4A ཤེས་རབ་སྙིང་པོ།/Others/Cleaned text/MAF75A533 བཅོམ་ལྡན་འདས་མ་ཤེས་རབ་ཀྱི་ཕ་རོལ་ཏུ་ཕྱིན་པའི་སྙིང་པོ། B-8.docx,downloaded,
D1,Tibetan!B28,ཤེས་རབ་སྙིང་པོ།,https://docs.google.com/document/d/1Ybmn8CPHEcg8IYJNStycJqNrKXBsbVFb4-otADAop9g/edit,folder-item,MAF75A533 འཕགས་པ་ཤེས་རབ་ཀྱི་ཕ་རོལ་ཏུ་ཕྱིན་པའི་སྙིང་པོ། B-14,Heart/D1__M29C34F4A ཤེས་རབ་སྙིང་པོ།/Others/Cleaned text/MAF75A533 འཕགས་པ་ཤེས་རབ་ཀྱི་ཕ་རོལ་ཏུ་ཕྱིན་པའི་སྙིང་པོ། B-14.docx,downloaded,
D1,Tibetan!B28,ཤེས་རབ་སྙིང་པོ།,https://docs.google.com/document/d/1pG3dePbd_cZ6BNtusKZxORUuuzJ2wuPSklEItDrZDro/edit,folder-item,MAF75A533 ཤེར་སྙིང་།-B4,Heart/D1__M29C34F4A ཤེས་རབ་སྙིང་པོ།/Others/Cleaned text/MAF75A533 ཤེར་སྙིང་།-B4.docx,downloaded,
D1,Tibetan!B28,ཤེས་རབ་སྙིང་པོ།,https://docs.google.com/document/d/1a-QpYmls-CHr1g6UaU7LY8X4sNUPCZIAbgjzWYT5k7k/edit,folder-item,1715749665475-MAF75A533 ཤེས་རབ་སྙིང་པོ།-B5,Heart/D1__M29C34F4A ཤེས་རབ་སྙིང་པོ།/Others/1715749665475-MAF75A533 ཤེས་རབ་སྙིང་པོ།-B5.docx,downloaded,
D1,Tibetan!B28,ཤེས་རབ་སྙིང་པོ།,https://drive.google.com/file/d/1_DTH3KRiSka5kA4EmRpkoJYeAMuKzP6P/view,folder-item,MAF75A533 བཅོམ་ལྡན་འདས་མ་ཤེར་རབ་ཀྱི་ཕར་རོལ་དུ་ཕྱིན་པའི་སྙིང་།-O8.pdf,Heart/D1__M29C34F4A ཤེས་རབ་སྙིང་པོ།/Others/MAF75A533 བཅོམ་ལྡན་འདས་མ་ཤེར་རབ་ཀྱི་ཕར་རོལ་དུ་ཕྱིན་པའི་སྙིང་།-O8.pdf,downloaded,
D1,Tibetan!B28,ཤེས་རབ་སྙིང་པོ།,https://drive.google.com/file/d/1Njg74TFdWDG1WB5zLxOWzKNMbxplT950/view,folder-item,MAF75A533 ཤེས་རབ་སྙིང་པོ།-B5.pdf,Heart/D1__M29C34F4A ཤེས་རབ་སྙིང་པོ།/Others/MAF75A533 ཤེས་རབ་སྙིང་པོ།-B5.pdf,downloaded,
D1,Tibetan!B28,ཤེས་རབ་སྙིང་པོ།,https://drive.google.com/file/d/1f2FpSa2iFOLzvkja5rAhWICPMxDt5x51/view,folder-item,ཤཱ་རིའི་བུ།-O12.pdf,Heart/D1__M29C34F4A ཤེས་རབ་སྙིང་པོ།/Others/ཤཱ་རིའི་བུ།-O12.pdf,downloaded,
D1,Tibetan!B28,ཤེས་རབ་སྙིང་པོ།,https://docs.google.com/spreadsheets/d/19A02UFnhNkioBh5SVHTjMIdQI4oRmrefhkYD-7PqtTs/edit,folder-item,ཤེས་རབ་སྙིང་པོ།,Heart/D1__M29C34F4A ཤེས་རབ་སྙིང་པོ།/Others/ཤེས་རབ་སྙིང་པོ།.xlsx,downloaded,
D1,Tibetan!B28,ཤེས་རབ་སྙིང་པོ།,https://drive.google.com/file/d/1cMoIcLTsg48aH7Jz6wOrPrHTp23qHqIn/view,folder-item,ཤེས་རབ་སྙིང་པོ།-O9.pdf,Heart/D1__M29C34F4A ཤེས་རབ་སྙིང་པོ།/Others/ཤེས་རབ་སྙིང་པོ།-O9.pdf,downloaded,
D1,Tibetan!B28,ཤེས་རབ་སྙིང་པོ།,https://drive.google.com/file/d/1GfFbm1eAPE0N1r4bS0lBp5-uuaAN7fdE/view,folder-item,R46878C73ཤེས་རབ་སྙིང་པོ་དང་། རྟེན་འབྲེལ། བདེན་བཞི། རྒྱལ་སྲས་ལག་ལེན། བཟང་སྤྱོད། བྱངས་སྨོན་བཅས་ཀྱི་འགྲེལ་པ།  - B2.pdf,Heart/D1__M29C34F4A ཤེས་རབ་སྙིང་པོ།/Resources/OCR-2/R46878C73ཤེས་རབ་སྙིང་པོ་དང་། རྟེན་འབྲེལ། བདེན་བཞི། རྒྱལ་སྲས་ལག་ལེན། བཟང་སྤྱོད། བྱངས་སྨོན་བཅས་ཀྱི་འགྲེལ་པ།  - B2.pdf,downloaded,
D1,Tibetan!B28,ཤེས་རབ་སྙིང་པོ།,https://drive.google.com/file/d/1PwKUqEwakVdShqMv9kQbWBAMWuIBjU4_/view,folder-item,R46878C73ཤེས་རབ་སྙིང་པོ་དང་། རྟེན་འབྲེལ། བདེན་བཞི། རྒྱལ་སྲས་ལག་ལེན། བཟང་སྤྱོད། བྱངས་སྨོན་བཅས་ཀྱི་འགྲེལ་པ། -B2.pdf,Heart/D1__M29C34F4A ཤེས་རབ་སྙིང་པོ།/Resources/OCR-2/R46878C73ཤེས་རབ་སྙིང་པོ་དང་། རྟེན་འབྲེལ། བདེན་བཞི། རྒྱལ་སྲས་ལག་ལེན། བཟང་སྤྱོད། བྱངས་སྨོན་བཅས་ཀྱི་འགྲེལ་པ། -B2.pdf,downloaded,
D1,Tibetan!B28,ཤེས་རབ་སྙིང་པོ།,https://drive.google.com/file/d/14kv90OGpDpCxY7Fc4Jtyd52Wehh9OjhP/view,folder-item,RA6E8F24A  ཤེས་རབ་སྙིང་པོའི་མཆན་འགྲེལ་མདོར་བསྡུས། -B3.pdf,Heart/D1__M29C34F4A ཤེས་རབ་སྙིང་པོ།/Resources/OCR-2/RA6E8F24A  ཤེས་རབ་སྙིང་པོའི་མཆན་འགྲེལ་མདོར་བསྡུས། -B3.pdf,downloaded,
D1,Tibetan!B28,ཤེས་རབ་སྙིང་པོ།,https://drive.google.com/file/d/1YCaCWQ9YnGRdE6OMEpN1uD9hHv-MTr8x/view,folder-item,RA88988D0 བཅོམ་ལྡན་འདས་མ་ཤེས་རབ་ཀྱི་ཕ་རོལ་ཏུ་ཕྱིན་པའི་སྙིང་པོའི་འགྲེལ་པ་དོན་གྱི་སྒྲོན་མ།-B5.pdf,Heart/D1__M29C34F4A ཤེས་རབ་སྙིང་པོ།/Resources/OCR-2/RA88988D0 བཅོམ་ལྡན་འདས་མ་ཤེས་རབ་ཀྱི་ཕ་རོལ་ཏུ་ཕྱིན་པའི་སྙིང་པོའི་འགྲེལ་པ་དོན་གྱི་སྒྲོན་མ།-B5.pdf,downloaded,
D1,Tibetan!B28,ཤེས་རབ་སྙིང་པོ།,https://docs.google.com/spreadsheets/d/1pYO1Z5FBJG7-XIfl6YfAOcXgFPcPLvhIW9iIPWNKIY4/edit,folder-item,R0438A04A ཤེས་རབ་སྙིང་པོའི་བཀའ་ཆོས།,Heart/D1__M29C34F4A ཤེས་རབ་སྙིང་པོ།/Resources/R0438A04A ཤེས་རབ་སྙིང་པོའི་བཀའ་ཆོས།/R0438A04A ཤེས་རབ་སྙིང་པོའི་བཀའ་ཆོས།.xlsx,downloaded,
D1,Tibetan!B28,ཤེས་རབ་སྙིང་པོ།,https://docs.google.com/spreadsheets/d/1oped2HuvDlKAz3Ypld1O4ov-4T1geBNBG4uowqlKvVc/edit,folder-item,R0A4B01C2ཤེས་རབ་སྙིང་པོའི་འགྲེལ་པ། རྗེ་བཙུན་གྲགས་པ་བཤད་སྒྲུབ།,Heart/D1__M29C34F4A ཤེས་རབ་སྙིང་པོ།/Resources/R0A4B01C2ཤེས་རབ་སྙིང་པོའི་འགྲེལ་པ། རྗེ་བཙུན་གྲགས་པ་བཤད་སྒྲུབ།/R0A4B01C2ཤེས་རབ་སྙིང་པོའི་འགྲེལ་པ། རྗེ་བཙུན་གྲགས་པ་བཤད་སྒྲུབ།.xlsx,downloaded,
D1,Tibetan!B28,ཤེས་རབ་སྙིང་པོ།,https://drive.google.com/file/d/1hz6bSKygUapTeLR_QzMDkuTiQv3aVfti/view,folder-item,R0A4B01C2ཤེས་རབ་སྙིང་པོའི་འགྲེལ་པ། རྗེ་བཙུན་གྲགས་པ་བཤད་སྒྲུབ།.pdf,Heart/D1__M29C34F4A ཤེས་རབ་སྙིང་པོ།/Resources/R0A4B01C2ཤེས་རབ་སྙིང་པོའི་འགྲེལ་པ། རྗེ་བཙུན་གྲགས་པ་བཤད་སྒྲུབ།/R0A4B01C2ཤེས་རབ་སྙིང་པོའི་འགྲེལ་པ། རྗེ་བཙུན་གྲགས་པ་བཤད་སྒྲུབ།.pdf,downloaded,
D1,Tibetan!B28,ཤེས་རབ་སྙིང་པོ།,https://drive.google.com/file/d/1exXI_9ak2DMzIQghyhsCBSCZAkjUdK_v/view,folder-item,R0A4B01C2ཤེས་རབ་སྙིང་པོའི་འགྲེལ་པ། རྗེ་བཙུན་གྲགས་པ་བཤད་སྒྲུབ།.txt,Heart/D1__M29C34F4A ཤེས་རབ་སྙིང་པོ།/Resources/R0A4B01C2ཤེས་རབ་སྙིང་པོའི་འགྲེལ་པ། རྗེ་བཙུན་གྲགས་པ་བཤད་སྒྲུབ།/R0A4B01C2ཤེས་རབ་སྙིང་པོའི་འགྲེལ་པ། རྗེ་བཙུན་གྲགས་པ་བཤད་སྒྲུབ།.txt,downloaded,
D1,Tibetan!B28,ཤེས་རབ་སྙིང་པོ།,https://docs.google.com/spreadsheets/d/1t68PnId1IWJGRmNMtreiac0Jg0RFubDGuwDBREqeLBI/edit,folder-item,R0AAC914Aཤེས་རབ་སྙིང་པོའི་འགྲེལ་བ་དུས་རབས་ཉེར་གཅིག,Heart/D1__M29C34F4A ཤེས་རབ་སྙིང་པོ།/Resources/R0AAC914Aཤེས་རབ་སྙིང་པོའི་འགྲེལ་བ་དུས་རབས་ཉེར་གཅིག/R0AAC914Aཤེས་རབ་སྙིང་པོའི་འགྲེལ་བ་དུས་རབས་ཉེར་གཅིག.xlsx,downloaded,
D1,Tibetan!B28,ཤེས་རབ་སྙིང་པོ།,https://drive.google.com/file/d/18jZFzjx_h062Zfz1qs7PPpdPe1C0PmwL/view,folder-item,ཤེས་རབ་སྙིང་པོའི་འགྲེལ་བ་དུས་རབས་ཉེར་གཅིག.pdf,Heart/D1__M29C34F4A ཤེས་རབ་སྙིང་པོ།/Resources/R0AAC914Aཤེས་རབ་སྙིང་པོའི་འགྲེལ་བ་དུས་རབས་ཉེར་གཅིག/ཤེས་རབ་སྙིང་པོའི་འགྲེལ་བ་དུས་རབས་ཉེར་གཅིག.pdf,downloaded,
D1,Tibetan!B28,ཤེས་རབ་སྙིང་པོ།,https://drive.google.com/file/d/1yQD3QR_JN7EpcTgdxrO6NoKV6ltKWQiz/view,folder-item,ཤེས་རབ་སྙིང་པོའི་འགྲེལ་བ་དུས་རབས་ཉེར་གཅིག.txt,Heart/D1__M29C34F4A ཤེས་རབ་སྙིང་པོ།/Resources/R0AAC914Aཤེས་རབ་སྙིང་པོའི་འགྲེལ་བ་དུས་རབས་ཉེར་གཅིག/ཤེས་རབ་སྙིང་པོའི་འགྲེལ་བ་དུས་རབས་ཉེར་གཅིག.txt,downloaded,
D1,Tibetan!B28,ཤེས་རབ་སྙིང་པོ།,https://docs.google.com/spreadsheets/d/1AAsjenXCU7W6XKLKQt032zR63k_Fdrw4tmIMYMnsdEg/edit,folder-item,R0BC6C60Cཤེས་རབ་སྙིང་པོའི་འགྲེལ་བ།_ཅོ་ནེ།_glt_230214_055511,Heart/D1__M29C34F4A ཤེས་རབ་སྙིང་པོ།/Resources/R0BC6C60Cཤེས་རབ་སྙིང་པོའི་འགྲེལ་བ།_ཅོ་ནེ།_glt_230214_055511/R0BC6C60Cཤེས་རབ་སྙིང་པོའི་འགྲེལ་བ།_ཅོ་ནེ།_glt_230214_055511.xlsx,downloaded,
D1,Tibetan!B28,ཤེས་རབ་སྙིང་པོ།,https://drive.google.com/file/d/1Vj9jXAJoWBfq9qYjHfYG9WSRSWdnO90D/view,folder-item,ཤེས་རབ་སྙིང་པོའི་འགྲེལ་བ།_ཅོ་ནེ།_glt_230214_055511.pdf,Heart/D1__M29C34F4A ཤེས་རབ་སྙིང་པོ།/Resources/R0BC6C60Cཤེས་རབ་སྙིང་པོའི་འགྲེལ་བ།_ཅོ་ནེ།_glt_230214_055511/ཤེས་རབ་སྙིང་པོའི་འགྲེལ་བ།_ཅོ་ནེ།_glt_230214_055511.pdf,downloaded,
D1,Tibetan!B28,ཤེས་རབ་སྙིང་པོ།,https://drive.google.com/file/d/1HyU9w36NpuQSc-m7BIZ_ZfBFFXEtc_gJ/view,folder-item,ཤེས་རབ་སྙིང་པོའི་འགྲེལ་བ།_ཅོ་ནེ།_glt_230214_055511.txt,Heart/D1__M29C34F4A ཤེས་རབ་སྙིང་པོ།/Resources/R0BC6C60Cཤེས་རབ་སྙིང་པོའི་འགྲེལ་བ།_ཅོ་ནེ།_glt_230214_055511/ཤེས་རབ་སྙིང་པོའི་འགྲེལ་བ།_ཅོ་ནེ།_glt_230214_055511.txt,downloaded,
D1,Tibetan!B28,ཤེས་རབ་སྙིང་པོ།,https://docs.google.com/document/d/1hkNHrRKjn2_l3Rnd96GcOFC1nN5k_ocaVg9jggagVMc/edit,folder-item,R13386554ཤེས་རབ་སྙིང་པོའི་རྣམ་བཤད་ཀླུ་སྒྲུབ་ཀྱི་དགོངས་པ་གསལ་བར་བསྟན་པ། -E2,Heart/D1__M29C34F4A ཤེས་རབ་སྙིང་པོ།/Resources/R13386554 ཤེས་རབ་སྙིང་པོའི་རྣམ་བཤད་ཀླུ་སྒྲུབ་ཀྱི་དགོངས་པ་གསལ་བར་བསྟན་པ།/Cleaned text/R13386554ཤེས་རབ་སྙིང་པོའི་རྣམ་བཤད་ཀླུ་སྒྲུབ་ཀྱི་དགོངས་པ་གསལ་བར་བསྟན་པ། -E2.docx,downloaded,
D1,Tibetan!B28,ཤེས་རབ་སྙིང་པོ།,https://docs.google.com/document/d/1l1KW8Ze0mLZl1vCejqTQquhN8XAVg-pq3YJquNoXZKU/edit,folder-item,R13386554ཤེས་རབ་སྙིང་པོའི་རྣམ་བཤད་ཀླུ་སྒྲུབ་ཀྱི་དགོངས་པ་གསལ་བར་བསྟན་པ། -E3,Heart/D1__M29C34F4A ཤེས་རབ་སྙིང་པོ།/Resources/R13386554 ཤེས་རབ་སྙིང་པོའི་རྣམ་བཤད་ཀླུ་སྒྲུབ་ཀྱི་དགོངས་པ་གསལ་བར་བསྟན་པ།/Cleaned text/R13386554ཤེས་རབ་སྙིང་པོའི་རྣམ་བཤད་ཀླུ་སྒྲུབ་ཀྱི་དགོངས་པ་གསལ་བར་བསྟན་པ། -E3.docx,downloaded,
D1,Tibetan!B28,ཤེས་རབ་སྙིང་པོ།,https://docs.google.com/document/d/1c0IX3DUscBcpujCLTU6nLuN-JGoqCyQBVXS_gwZCjHU/edit,folder-item,R13386554ཤེས་རབ་སྙིང་པོའི་རྣམ་བཤད་ཀླུ་སྒྲུབ་ཀྱི་དགོངས་པ་གསལ་བར་བསྟན་པ། B-2 #,Heart/D1__M29C34F4A ཤེས་རབ་སྙིང་པོ།/Resources/R13386554 ཤེས་རབ་སྙིང་པོའི་རྣམ་བཤད་ཀླུ་སྒྲུབ་ཀྱི་དགོངས་པ་གསལ་བར་བསྟན་པ།/Cleaned text/R13386554ཤེས་རབ་སྙིང་པོའི་རྣམ་བཤད་ཀླུ་སྒྲུབ་ཀྱི་དགོངས་པ་གསལ་བར་བསྟན་པ། B-2 #.docx,downloaded,
D1,Tibetan!B28,ཤེས་རབ་སྙིང་པོ།,https://docs.google.com/document/d/10RsyO8LpHlpTyafhY9DxLRODQ43rek64FOLjfCy8MQY/edit,folder-item,R13386554 ཤེས་རབ་སྙིང་པོའི་རྣམ་བཤད་ཀླུ་སྒྲུབ་ཀྱི་དགོངས་པ་གསལ་བར་བསྟན་པ། -O2,Heart/D1__M29C34F4A ཤེས་རབ་སྙིང་པོ།/Resources/R13386554 ཤེས་རབ་སྙིང་པོའི་རྣམ་བཤད་ཀླུ་སྒྲུབ་ཀྱི་དགོངས་པ་གསལ་བར་བསྟན་པ།/Others/R13386554 ཤེས་རབ་སྙིང་པོའི་རྣམ་བཤད་ཀླུ་སྒྲུབ་ཀྱི་དགོངས་པ་གསལ་བར་བསྟན་པ། -O2.docx,downloaded,
D1,Tibetan!B28,ཤེས་རབ་སྙིང་པོ།,https://docs.google.com/spreadsheets/d/1JOIBTz7F6cYGVfliCju83TVqDEQTZ2t9lZqp3v23Pv0/edit,folder-item,R13386554ཤེས་རབ་སྙིང་པོའི་རྣམ་བཤད་ཀླུ་སྒྲུབ་ཀྱི་དགོངས་པ་གསལ་བར་བསྟན་པ།,Heart/D1__M29C34F4A ཤེས་རབ་སྙིང་པོ།/Resources/R13386554 ཤེས་རབ་སྙིང་པོའི་རྣམ་བཤད་ཀླུ་སྒྲུབ་ཀྱི་དགོངས་པ་གསལ་བར་བསྟན་པ།/R13386554ཤེས་རབ་སྙིང་པོའི་རྣམ་བཤད་ཀླུ་སྒྲུབ་ཀྱི་དགོངས་པ་གསལ་བར་བསྟན་པ།.xlsx,downloaded,
D1,Tibetan!B28,ཤེས་རབ་སྙིང་པོ།,https://docs.google.com/spreadsheets/d/1qEHQ-rH9-8aWMF1m_z3Ca3uZiPgndOfgYjrDTO8xTYU/edit,folder-item,R13F48BA8,Heart/D1__M29C34F4A ཤེས་རབ་སྙིང་པོ།/Resources/R13F48BA8/R13F48BA8.xlsx,downloaded,
D1,Tibetan!B28,ཤེས་རབ་སྙིང་པོ།,https://docs.google.com/document/d/1TdwsVRYmN1YrrUUPKG_25_K0k3sZ-6I9ko1QiLfB89Y/edit,folder-item,R16A6BB62 ཤེས་རབ་སྙིང་པོའི་འགྲེལ་པ་ཟབ་དོན་གསལ་བའི་སྒྲོན་མེ། B-2,Heart/D1__M29C34F4A ཤེས་རབ་སྙིང་པོ།/Resources/R16A6BB62 ཤེས་རབ་སྙིང་པོའི་འགྲེལ་པ་ཟབ་དོན་གསལ་བའི་སྒྲོན་མེ།/Cleaned text/R16A6BB62 ཤེས་རབ་སྙིང་པོའི་འགྲེལ་པ་ཟབ་དོན་གསལ་བའི་སྒྲོན་མེ། B-2.docx,downloaded,
D1,Tibetan!B28,ཤེས་རབ་སྙིང་པོ།,https://docs.google.com/document/d/1kkk_qtAmK8HcBDDkslpnjkp30OgvrypT_MWn8dpyzXE/edit,folder-item,R16A6BB62 ཤེས་རབ་སྙིང་པོའི་འགྲེལ་པ་ཟབ་དོན་གསལ་བའི་སྒྲོན་མེ།-E2#,Heart/D1__M29C34F4A ཤེས་རབ་སྙིང་པོ།/Resources/R16A6BB62 ཤེས་རབ་སྙིང་པོའི་འགྲེལ་པ་ཟབ་དོན་གསལ་བའི་སྒྲོན་མེ།/Cleaned text/R16A6BB62 ཤེས་རབ་སྙིང་པོའི་འགྲེལ་པ་ཟབ་དོན་གསལ་བའི་སྒྲོན་མེ།-E2#.docx,downloaded,
D1,Tibetan!B28,ཤེས་རབ་སྙིང་པོ།,https://docs.google.com/document/d/1wchboS6d8583UoYu2Fd4o8ouiwO9KiAi9E3ihxed0Bg/edit,folder-item,1715838321780-R16A6BB62 ཤེས་རབ་སྙིང་པོའི་འགྲེལ་པ་ཟབ་དོན་གསལ་བའི་སྒྲོན་མེ།,Heart/D1__M29C34F4A ཤེས་རབ་སྙིང་པོ།/Resources/R16A6BB62 ཤེས་རབ་སྙིང་པོའི་འགྲེལ་པ་ཟབ་དོན་གསལ་བའི་སྒྲོན་མེ།/OCR/1715838321780-R16A6BB62 ཤེས་རབ་སྙིང་པོའི་འགྲེལ་པ་ཟབ་དོན་གསལ་བའི་སྒྲོན་མེ།.docx,downloaded,
D1,Tibetan!B28,ཤེས་རབ་སྙིང་པོ།,https://drive.google.com/file/d/1TB3vS4FKmB1xuw7IMC63ZCY5aFX6IocW/view,folder-item,R16A6BB62 ཤེས་རབ་སྙིང་པོའི་འགྲེལ་པ་ཟབ་དོན་གསལ་བའི་སྒྲོན་མེ།.pdf,Heart/D1__M29C34F4A ཤེས་རབ་སྙིང་པོ།/Resources/R16A6BB62 ཤེས་རབ་སྙིང་པོའི་འགྲེལ་པ་ཟབ་དོན་གསལ་བའི་སྒྲོན་མེ།/OCR/R16A6BB62 ཤེས་རབ་སྙིང་པོའི་འགྲེལ་པ་ཟབ་དོན་གསལ་བའི་སྒྲོན་མེ།.pdf,downloaded,
D1,Tibetan!B28,ཤེས་རབ་སྙིང་པོ།,https://docs.google.com/document/d/1TI9nYa4KUpZBaR8DyumkJDJo7820ULDXMA5xl6ZT_xg/edit,folder-item,Common Spell Without Note,Heart/D1__M29C34F4A ཤེས་རབ་སྙིང་པོ།/Resources/R16A6BB62 ཤེས་རབ་སྙིང་པོའི་འགྲེལ་པ་ཟབ་དོན་གསལ་བའི་སྒྲོན་མེ།/R16A6BB62 ཤེས་རབ་སྙིང་པོའི་འགྲེལ་པ་ཟབ་དོན་གསལ་བའི་སྒྲོན་མེ།- ཡིག་རྐྱང་རྩེ་ཕུད། (Best E-Text)/Common Spell Without Note.docx,downloaded,
D1,Tibetan!B28,ཤེས་རབ་སྙིང་པོ།,https://drive.google.com/file/d/1m74XAvQN6JpMqfKjvKUA9ub3pJ6Ua-4n/view,folder-item,common_spell With Note.docx,,failed,"Uploaded .docx you can view, but it is not shared by link: Drive only serves it to a normal browser download, which cannot be captured into the zip (in-page fetch blocked by CORS). File itself is accessible."
D1,Tibetan!B28,ཤེས་རབ་སྙིང་པོ།,https://docs.google.com/document/d/13iGNQJkSZryZWkDKi3iiUOJVWXdWGKvMyd8sHrULHdc/edit,folder-item,R16A6BB62 ཤེས་རབ་སྙིང་པོའི་འགྲེལ་པ་ཟབ་དོན་གསལ་བའི་སྒྲོན་མེ།-Segmentation,Heart/D1__M29C34F4A ཤེས་རབ་སྙིང་པོ།/Resources/R16A6BB62 ཤེས་རབ་སྙིང་པོའི་འགྲེལ་པ་ཟབ་དོན་གསལ་བའི་སྒྲོན་མེ།/R16A6BB62 ཤེས་རབ་སྙིང་པོའི་འགྲེལ་པ་ཟབ་དོན་གསལ་བའི་སྒྲོན་མེ།- ཡིག་རྐྱང་རྩེ་ཕུད། (Best E-Text)/R16A6BB62 ཤེས་རབ་སྙིང་པོའི་འགྲེལ་པ་ཟབ་དོན་གསལ་བའི་སྒྲོན་མེ།-Segmentation.docx,downloaded,
D1,Tibetan!B28,ཤེས་རབ་སྙིང་པོ།,https://docs.google.com/spreadsheets/d/1kWXyHrG5llW2EUvifQfyjAb1brTqtKziY3GL7fKlMJY/edit,folder-item,R16A6BB62 ཤེས་རབ་སྙིང་པོའི་འགྲེལ་པ་ཟབ་དོན་གསལ་བའི་སྒྲོན་མེ།,Heart/D1__M29C34F4A ཤེས་རབ་སྙིང་པོ།/Resources/R16A6BB62 ཤེས་རབ་སྙིང་པོའི་འགྲེལ་པ་ཟབ་དོན་གསལ་བའི་སྒྲོན་མེ།/R16A6BB62 ཤེས་རབ་སྙིང་པོའི་འགྲེལ་པ་ཟབ་དོན་གསལ་བའི་སྒྲོན་མེ།.xlsx,downloaded,
D1,Tibetan!B28,ཤེས་རབ་སྙིང་པོ།,https://drive.google.com/file/d/1NlEin861qgx7S_58AsKuvpoZcFwHGNcN/view,folder-item,R22032B32ཤེས་རབ་སྙིང་པོའི་རྣམ་བཤད་དང་ཆོས་འཁོར་དྭོགས་གཅོད། .pdf,Heart/D1__M29C34F4A ཤེས་རབ་སྙིང་པོ།/Resources/R22032B32ཤེས་རབ་སྙིང་པོའི་རྣམ་བཤད་དང་ཆོས་འཁོར་དྭོགས་གཅོད།/Others/R22032B32ཤེས་རབ་སྙིང་པོའི་རྣམ་བཤད་དང་ཆོས་འཁོར་དྭོགས་གཅོད། .pdf,downloaded,
D1,Tibetan!B28,ཤེས་རབ་སྙིང་པོ།,https://drive.google.com/file/d/1ERPYz8_VOuV2FXsmpQu7sMPdJKMMcNZW/view,folder-item,R22032B32ཤེས་རབ་སྙིང་པོའི་རྣམ་བཤད་དང་ཆོས་འཁོར་དྭོགས་གཅོད། .txt,Heart/D1__M29C34F4A ཤེས་རབ་སྙིང་པོ།/Resources/R22032B32ཤེས་རབ་སྙིང་པོའི་རྣམ་བཤད་དང་ཆོས་འཁོར་དྭོགས་གཅོད།/Others/R22032B32ཤེས་རབ་སྙིང་པོའི་རྣམ་བཤད་དང་ཆོས་འཁོར་དྭོགས་གཅོད། .txt,downloaded,
D1,Tibetan!B28,ཤེས་རབ་སྙིང་པོ།,https://docs.google.com/document/d/1C1Yy1Y9n_h-e5pzukK5woXMAHJczkJ7ArSAx0lCStEA/edit,folder-item,R22032B32ཤེས་རབ་སྙིང་པོའི་རྣམ་བཤད་དང་ཆོས་འཁོར་དྭོགས་གཅོད།,Heart/D1__M29C34F4A ཤེས་རབ་སྙིང་པོ།/Resources/R22032B32ཤེས་རབ་སྙིང་པོའི་རྣམ་བཤད་དང་ཆོས་འཁོར་དྭོགས་གཅོད།/R22032B32ཤེས་རབ་སྙིང་པོའི་རྣམ་བཤད་དང་ཆོས་འཁོར་དྭོགས་གཅོད།.docx,downloaded,
D1,Tibetan!B28,ཤེས་རབ་སྙིང་པོ།,https://docs.google.com/spreadsheets/d/1djnnT0NIVVydM2gNqsxuEcezST_L6gprf5FSC51eRd8/edit,folder-item,R22032B32ཤེས་རབ་སྙིང་པོའི་རྣམ་བཤད་དང་ཆོས་འཁོར་དྭོགས་གཅོད།,Heart/D1__M29C34F4A ཤེས་རབ་སྙིང་པོ།/Resources/R22032B32ཤེས་རབ་སྙིང་པོའི་རྣམ་བཤད་དང་ཆོས་འཁོར་དྭོགས་གཅོད།/R22032B32ཤེས་རབ་སྙིང་པོའི་རྣམ་བཤད་དང་ཆོས་འཁོར་དྭོགས་གཅོད།.xlsx,downloaded,
D1,Tibetan!B28,ཤེས་རབ་སྙིང་པོ།,https://docs.google.com/spreadsheets/d/1J2UD8IyVvHyY69_zkYs5_24aUb6FdqusNtd-_mg2z_w/edit,folder-item,R29C34F4Aབདེ་ཆེན་ཞིང་གི་སྨོན་ལམ་གྱི་འགྲེལ་བཤད་ཐར་ལམ་སྣང་བྱེད།,Heart/D1__M29C34F4A ཤེས་རབ་སྙིང་པོ།/Resources/R29C34F4A/R29C34F4Aབདེ་ཆེན་ཞིང་གི་སྨོན་ལམ་གྱི་འགྲེལ་བཤད་ཐར་ལམ་སྣང་བྱེད།.xlsx,downloaded,
D1,Tibetan!B28,ཤེས་རབ་སྙིང་པོ།,https://docs.google.com/document/d/14Zhdr3ib1QsQsK9kpmR-LN_4vdldyLOlfsdFEUn_qpk/edit,folder-item,R3353BF9E ཤེར་སྙིང་འགྲེལ་པ་སྔགས་སུ་འགྲེལ་པ།-B3 #,Heart/D1__M29C34F4A ཤེས་རབ་སྙིང་པོ།/Resources/R3353BF9E ཤེར་སྙིང་འགྲེལ་པ་སྔགས་སུ་འགྲེལ་པ།/Cleaned text/R3353BF9E ཤེར་སྙིང་འགྲེལ་པ་སྔགས་སུ་འགྲེལ་པ།-B3 #.docx,downloaded,
D1,Tibetan!B28,ཤེས་རབ་སྙིང་པོ།,https://docs.google.com/document/d/1GKq3trqPXE89ltBfu5kjMFpVjRJxtoEj3RmAOxOhP_A/edit,folder-item,R3353BF9E ཤེར་སྙིང་འགྲེལ་པ་སྔགས་སུ་འགྲེལ་པ།-B5,Heart/D1__M29C34F4A ཤེས་རབ་སྙིང་པོ།/Resources/R3353BF9E ཤེར་སྙིང་འགྲེལ་པ་སྔགས་སུ་འགྲེལ་པ།/Cleaned text/R3353BF9E ཤེར་སྙིང་འགྲེལ་པ་སྔགས་སུ་འགྲེལ་པ།-B5.docx,downloaded,
D1,Tibetan!B28,ཤེས་རབ་སྙིང་པོ།,https://docs.google.com/document/d/1OM3J8b5n1VKWChqydIEd_IkHTNfDZZlKBQ5uDN7nMe8/edit,folder-item,R3353BF9E ཤེར་སྙིང་འགྲེལ་པ་སྔགས་སུ་འགྲེལ་པ།-B7,Heart/D1__M29C34F4A ཤེས་རབ་སྙིང་པོ།/Resources/R3353BF9E ཤེར་སྙིང་འགྲེལ་པ་སྔགས་སུ་འགྲེལ་པ།/Cleaned text/R3353BF9E ཤེར་སྙིང་འགྲེལ་པ་སྔགས་སུ་འགྲེལ་པ།-B7.docx,downloaded,
D1,Tibetan!B28,ཤེས་རབ་སྙིང་པོ།,https://drive.google.com/file/d/1bi1VOolBm8sjDRxmrlIdpW8siv5MF459/view,folder-item,R3353BF9E ཤེར་སྙིང་འགྲེལ་པ་སྔགས་སུ་འགྲེལ་པ།-B5.pdf,Heart/D1__M29C34F4A ཤེས་རབ་སྙིང་པོ།/Resources/R3353BF9E ཤེར་སྙིང་འགྲེལ་པ་སྔགས་སུ་འགྲེལ་པ།/Others/R3353BF9E ཤེར་སྙིང་འགྲེལ་པ་སྔགས་སུ་འགྲེལ་པ།-B5.pdf,downloaded,
D1,Tibetan!B28,ཤེས་རབ་སྙིང་པོ།,https://docs.google.com/document/d/1jxaQDkGUyfD-A-hjvKtbe188Pf6nqkcRk78GhXWesFM/edit,folder-item,Common Spell Without Note,Heart/D1__M29C34F4A ཤེས་རབ་སྙིང་པོ།/Resources/R3353BF9E ཤེར་སྙིང་འགྲེལ་པ་སྔགས་སུ་འགྲེལ་པ།/R3353BF9E ཤེར་སྙིང་འགྲེལ་པ་སྔགས་སུ་འགྲེལ་པ།- ཡིག་རྐྱང་རྩེ་ཕུད། (Best E-text)/Common Spell Without Note.docx,downloaded,
D1,Tibetan!B28,ཤེས་རབ་སྙིང་པོ།,https://drive.google.com/file/d/19vN7icTZB25GbKtXoCRKjns6nwXCSZo2/view,folder-item,common_spell with note.docx,,failed,"Uploaded .docx you can view, but it is not shared by link: Drive only serves it to a normal browser download, which cannot be captured into the zip (in-page fetch blocked by CORS). File itself is accessible."
D1,Tibetan!B28,ཤེས་རབ་སྙིང་པོ།,https://docs.google.com/document/d/1QupBdJFsyp-sYVjmpjhsw_7Z-wIIfP4TL8NIn0N7a0Y/edit,folder-item,R3353BF9E ཤེར་སྙིང་འགྲེལ་པ་སྔགས་སུ་འགྲེལ་པ།-Segmentation,Heart/D1__M29C34F4A ཤེས་རབ་སྙིང་པོ།/Resources/R3353BF9E ཤེར་སྙིང་འགྲེལ་པ་སྔགས་སུ་འགྲེལ་པ།/R3353BF9E ཤེར་སྙིང་འགྲེལ་པ་སྔགས་སུ་འགྲེལ་པ།- ཡིག་རྐྱང་རྩེ་ཕུད། (Best E-text)/R3353BF9E ཤེར་སྙིང་འགྲེལ་པ་སྔགས་སུ་འགྲེལ་པ།-Segmentation.docx,downloaded,
D1,Tibetan!B28,ཤེས་རབ་སྙིང་པོ།,https://docs.google.com/spreadsheets/d/1ERJdIax7giOxL4SFz-V9yl8Gh9Ml3O1lSTYyFZjypFc/edit,folder-item,R3353BF9E ཤེར་སྙིང་འགྲེལ་པ་སྔགས་སུ་འགྲེལ་པ།,Heart/D1__M29C34F4A ཤེས་རབ་སྙིང་པོ།/Resources/R3353BF9E ཤེར་སྙིང་འགྲེལ་པ་སྔགས་སུ་འགྲེལ་པ།/R3353BF9E ཤེར་སྙིང་འགྲེལ་པ་སྔགས་སུ་འགྲེལ་པ།.xlsx,downloaded,
D1,Tibetan!B28,ཤེས་རབ་སྙིང་པོ།,https://docs.google.com/spreadsheets/d/1Z1nJWetq7byEYYLMwD7ogWuwi02Yq1n_gd5HzLXLLmo/edit,folder-item,R385D5893,Heart/D1__M29C34F4A ཤེས་རབ་སྙིང་པོ།/Resources/R385D5893/R385D5893.xlsx,downloaded,
D1,Tibetan!B28,ཤེས་རབ་སྙིང་པོ།,https://docs.google.com/document/d/1KxLYXELlqngR6jbRDWk_gKA074iYvAlHAMD3NYrXng8/edit,folder-item,R3EEE889B ཤེས་རབ་ཀྱི་ཕ་རོལ་ཏུ་ཕྱིན་པའི་སྙིང་པོའི་དོན་ཡོངས་སུ་ཤེས་པ། - B12,Heart/D1__M29C34F4A ཤེས་རབ་སྙིང་པོ།/Resources/R3EEE889B ཤེས་རབ་ཀྱི་ཕ་རོལ་ཏུ་ཕྱིན་པའི་སྙིང་པོའི་དོན་ཡོངས་སུ་ཤེས་པ།/Cleaned text/R3EEE889B ཤེས་རབ་ཀྱི་ཕ་རོལ་ཏུ་ཕྱིན་པའི་སྙིང་པོའི་དོན་ཡོངས་སུ་ཤེས་པ། - B12.docx,downloaded,
D1,Tibetan!B28,ཤེས་རབ་སྙིང་པོ།,https://docs.google.com/document/d/1BDnw3EUU5_9FmeUnhQyZQ7fBZV21alh3mRjiO7yK-uM/edit,folder-item,R3EEE889B ཤེས་རབ་ཀྱི་ཕ་རོལ་ཏུ་ཕྱིན་པའི་སྙིང་པོའི་དོན་ཡོངས་སུ་ཤེས་པ། - B4 #,Heart/D1__M29C34F4A ཤེས་རབ་སྙིང་པོ།/Resources/R3EEE889B ཤེས་རབ་ཀྱི་ཕ་རོལ་ཏུ་ཕྱིན་པའི་སྙིང་པོའི་དོན་ཡོངས་སུ་ཤེས་པ།/Cleaned text/R3EEE889B ཤེས་རབ་ཀྱི་ཕ་རོལ་ཏུ་ཕྱིན་པའི་སྙིང་པོའི་དོན་ཡོངས་སུ་ཤེས་པ། - B4 #.docx,downloaded,
D1,Tibetan!B28,ཤེས་རབ་སྙིང་པོ།,https://docs.google.com/document/d/1gvv67mf7ckRQyvbigvVHsABou72HFip4R5spsYTR7II/edit,folder-item,R3EEE889B ཤེས་རབ་ཀྱི་ཕ་རོལ་ཏུ་ཕྱིན་པའི་སྙིང་པོའི་དོན་ཡོངས་སུ་ཤེས་པ། - E2,Heart/D1__M29C34F4A ཤེས་རབ་སྙིང་པོ།/Resources/R3EEE889B ཤེས་རབ་ཀྱི་ཕ་རོལ་ཏུ་ཕྱིན་པའི་སྙིང་པོའི་དོན་ཡོངས་སུ་ཤེས་པ།/Cleaned text/R3EEE889B ཤེས་རབ་ཀྱི་ཕ་རོལ་ཏུ་ཕྱིན་པའི་སྙིང་པོའི་དོན་ཡོངས་སུ་ཤེས་པ། - E2.docx,downloaded,
D1,Tibetan!B28,ཤེས་རབ་སྙིང་པོ།,https://docs.google.com/document/d/1cU93cpUmAzOy9Mtowu0LxaMDylStvmERm8l8h74WzEw/edit,folder-item,R3EEE889B ཤེས་རབ་ཀྱི་ཕ་རོལ་ཏུ་ཕྱིན་པའི་སྙིང་པོའི་དོན་ཡོངས་སུ་ཤེས་པ། - E3,Heart/D1__M29C34F4A ཤེས་རབ་སྙིང་པོ།/Resources/R3EEE889B ཤེས་རབ་ཀྱི་ཕ་རོལ་ཏུ་ཕྱིན་པའི་སྙིང་པོའི་དོན་ཡོངས་སུ་ཤེས་པ།/Cleaned text/R3EEE889B ཤེས་རབ་ཀྱི་ཕ་རོལ་ཏུ་ཕྱིན་པའི་སྙིང་པོའི་དོན་ཡོངས་སུ་ཤེས་པ། - E3.docx,downloaded,
D1,Tibetan!B28,ཤེས་རབ་སྙིང་པོ།,https://docs.google.com/document/d/1crb6vvrSpuBstbhOOZbCrd7_MXytSm0KVcraMobsE78/edit,folder-item,R3EEE889B ཤེས་རབ་ཀྱི་ཕ་རོལ་ཏུ་ཕྱིན་པའི་སྙིང་པོའི་དོན་ཡོངས་སུ་ཤེས་པ།-B6,Heart/D1__M29C34F4A ཤེས་རབ་སྙིང་པོ།/Resources/R3EEE889B ཤེས་རབ་ཀྱི་ཕ་རོལ་ཏུ་ཕྱིན་པའི་སྙིང་པོའི་དོན་ཡོངས་སུ་ཤེས་པ།/Cleaned text/R3EEE889B ཤེས་རབ་ཀྱི་ཕ་རོལ་ཏུ་ཕྱིན་པའི་སྙིང་པོའི་དོན་ཡོངས་སུ་ཤེས་པ།-B6.docx,downloaded,
D1,Tibetan!B28,ཤེས་རབ་སྙིང་པོ།,https://docs.google.com/document/d/1VwYfsRGCnUnNWg0TiTCsTP4GozXLHPJpsUhlW1R0AjM/edit,folder-item,R3EEE889B ཤེས་རབ་ཀྱི་ཕ་རོལ་ཏུ་ཕྱིན་པའི་སྙིང་པོའི་དོན་ཡོངས་སུ་ཤེས་པ།-B7,Heart/D1__M29C34F4A ཤེས་རབ་སྙིང་པོ།/Resources/R3EEE889B ཤེས་རབ་ཀྱི་ཕ་རོལ་ཏུ་ཕྱིན་པའི་སྙིང་པོའི་དོན་ཡོངས་སུ་ཤེས་པ།/Cleaned text/R3EEE889B ཤེས་རབ་ཀྱི་ཕ་རོལ་ཏུ་ཕྱིན་པའི་སྙིང་པོའི་དོན་ཡོངས་སུ་ཤེས་པ།-B7.docx,downloaded,
D1,Tibetan!B28,ཤེས་རབ་སྙིང་པོ།,https://drive.google.com/file/d/1NzZk6pt141NGaOGMHolbHE8DzXak3y3g/view,folder-item,R3EEE889B ཤེས་རབ་ཀྱི་ཕ་རོལ་ཏུ་ཕྱིན་པའི་སྙིང་པོའི་དོན་ཡོངས་སུ་ཤེས་པ།-B5.pdf,Heart/D1__M29C34F4A ཤེས་རབ་སྙིང་པོ།/Resources/R3EEE889B ཤེས་རབ་ཀྱི་ཕ་རོལ་ཏུ་ཕྱིན་པའི་སྙིང་པོའི་དོན་ཡོངས་སུ་ཤེས་པ།/OCR/R3EEE889B ཤེས་རབ་ཀྱི་ཕ་རོལ་ཏུ་ཕྱིན་པའི་སྙིང་པོའི་དོན་ཡོངས་སུ་ཤེས་པ།-B5.pdf,downloaded,
D1,Tibetan!B28,ཤེས་རབ་སྙིང་པོ།,https://drive.google.com/file/d/1fg5hD4Qz0Dj1icXufo8Oz4g8IEkd4HCG/view,folder-item,R3EEE889B ཤེས་རབ་ཀྱི་ཕ་རོལ་ཏུ་ཕྱིན་པའི་སྙིང་པོའི་དོན་ཡོངས་སུ་ཤེས་པ།-B6.pdf,Heart/D1__M29C34F4A ཤེས་རབ་སྙིང་པོ།/Resources/R3EEE889B ཤེས་རབ་ཀྱི་ཕ་རོལ་ཏུ་ཕྱིན་པའི་སྙིང་པོའི་དོན་ཡོངས་སུ་ཤེས་པ།/OCR/R3EEE889B ཤེས་རབ་ཀྱི་ཕ་རོལ་ཏུ་ཕྱིན་པའི་སྙིང་པོའི་དོན་ཡོངས་སུ་ཤེས་པ།-B6.pdf,downloaded,
D1,Tibetan!B28,ཤེས་རབ་སྙིང་པོ།,https://drive.google.com/file/d/1ifwXp_yT6T0C5ghjFPioUxTelpbDmu5t/view,folder-item,R3EEE889B ཤེས་རབ་ཀྱི་ཕ་རོལ་ཏུ་ཕྱིན་པའི་སྙིང་པོའི་དོན་ཡོངས་སུ་ཤེས་པ།-B7.pdf,Heart/D1__M29C34F4A ཤེས་རབ་སྙིང་པོ།/Resources/R3EEE889B ཤེས་རབ་ཀྱི་ཕ་རོལ་ཏུ་ཕྱིན་པའི་སྙིང་པོའི་དོན་ཡོངས་སུ་ཤེས་པ།/OCR/R3EEE889B ཤེས་རབ་ཀྱི་ཕ་རོལ་ཏུ་ཕྱིན་པའི་སྙིང་པོའི་དོན་ཡོངས་སུ་ཤེས་པ།-B7.pdf,downloaded,
D1,Tibetan!B28,ཤེས་རབ་སྙིང་པོ།,https://docs.google.com/document/d/1mxA6bYJuGf9MPCEUG_lD8zQV9pU5nvxnMZmkccTFErc/edit,folder-item,R3EEE889B ཤེས་རབ་ཀྱི་ཕ་རོལ་ཏུ་ཕྱིན་པའི་སྙིང་པོའི་དོན་ཡོངས་སུ་ཤེས་པ།-B5,Heart/D1__M29C34F4A ཤེས་རབ་སྙིང་པོ།/Resources/R3EEE889B ཤེས་རབ་ཀྱི་ཕ་རོལ་ཏུ་ཕྱིན་པའི་སྙིང་པོའི་དོན་ཡོངས་སུ་ཤེས་པ།/Others/R3EEE889B ཤེས་རབ་ཀྱི་ཕ་རོལ་ཏུ་ཕྱིན་པའི་སྙིང་པོའི་དོན་ཡོངས་སུ་ཤེས་པ།-B5.docx,downloaded,
D1,Tibetan!B28,ཤེས་རབ་སྙིང་པོ།,https://docs.google.com/spreadsheets/d/1CekUugINZlWNdMogLMTGinCnP_jOoVmnX66p-7fJtGY/edit,folder-item,R3EEE889B ཤེས་རབ་ཀྱི་ཕ་རོལ་ཏུ་ཕྱིན་པའི་སྙིང་པོའི་དོན་ཡོངས་སུ་ཤེས་པ།,Heart/D1__M29C34F4A ཤེས་རབ་སྙིང་པོ།/Resources/R3EEE889B ཤེས་རབ་ཀྱི་ཕ་རོལ་ཏུ་ཕྱིན་པའི་སྙིང་པོའི་དོན་ཡོངས་སུ་ཤེས་པ།/R3EEE889B ཤེས་རབ་ཀྱི་ཕ་རོལ་ཏུ་ཕྱིན་པའི་སྙིང་པོའི་དོན་ཡོངས་སུ་ཤེས་པ།.xlsx,downloaded,
D1,Tibetan!B28,ཤེས་རབ་སྙིང་པོ།,https://docs.google.com/document/d/1BAMjMFvD74TE7W8fwqndbUS98MqOBR3qZCvwq7hYnpw/edit,folder-item,R42066499ཤེས་རབ་སྙིང་པོའི་རྣམ་བཤད། B-2 #,Heart/D1__M29C34F4A ཤེས་རབ་སྙིང་པོ།/Resources/R42066499 ཤེས་རབ་སྙིང་པོའི་རྣམ་བཤད།/Cleaned text/R42066499ཤེས་རབ་སྙིང་པོའི་རྣམ་བཤད། B-2 #.docx,downloaded,
D1,Tibetan!B28,ཤེས་རབ་སྙིང་པོ།,https://docs.google.com/document/d/1CDkZT25Su8IVHkF-ZoYixvc_foH_qau27bUQux9tniQ/edit,folder-item,R42066499ཤེས་རབ་སྙིང་པོའི་རྣམ་བཤད།-E2,Heart/D1__M29C34F4A ཤེས་རབ་སྙིང་པོ།/Resources/R42066499 ཤེས་རབ་སྙིང་པོའི་རྣམ་བཤད།/Cleaned text/R42066499ཤེས་རབ་སྙིང་པོའི་རྣམ་བཤད།-E2.docx,downloaded,
D1,Tibetan!B28,ཤེས་རབ་སྙིང་པོ།,https://drive.google.com/file/d/15XhB24JMlLLIgp9-C_v1au_qfk2S04ND/view,folder-item,R42066499ཤེས་རབ་སྙིང་པོའི་རྣམ་བཤད། .pdf,Heart/D1__M29C34F4A ཤེས་རབ་སྙིང་པོ།/Resources/R42066499 ཤེས་རབ་སྙིང་པོའི་རྣམ་བཤད།/OCR/R42066499ཤེས་རབ་སྙིང་པོའི་རྣམ་བཤད། .pdf,downloaded,
D1,Tibetan!B28,ཤེས་རབ་སྙིང་པོ།,https://docs.google.com/document/d/1Jap8OI8oDxSrLsfwQGAEwZ2w4EUBN7KePaOYGhWFONU/edit,folder-item,Common Spell Without Note,Heart/D1__M29C34F4A ཤེས་རབ་སྙིང་པོ།/Resources/R42066499 ཤེས་རབ་སྙིང་པོའི་རྣམ་བཤད།/others/R42066499ཤེས་རབ་སྙིང་པོའི་རྣམ་བཤད། - ཡིག་རྐྱང་རྩེ་ཕུད། (Best E-Text)/Common Spell Without Note.docx,downloaded,
D1,Tibetan!B28,ཤེས་རབ་སྙིང་པོ།,https://drive.google.com/file/d/11f4uI_xpUgZUO4xLGjNRlJm8WO1jm0eF/view,folder-item,common_spell With Note.docx,,failed,"Uploaded .docx you can view, but it is not shared by link: Drive only serves it to a normal browser download, which cannot be captured into the zip (in-page fetch blocked by CORS). File itself is accessible."
D1,Tibetan!B28,ཤེས་རབ་སྙིང་པོ།,https://docs.google.com/document/d/12R6twz49UXF8wFcyOYa2dYXmgCiPmAX9Ew6Z70HvWhA/edit,folder-item,1715839520906-R42066499ཤེས་རབ་སྙིང་པོའི་རྣམ་བཤད།,Heart/D1__M29C34F4A ཤེས་རབ་སྙིང་པོ།/Resources/R42066499 ཤེས་རབ་སྙིང་པོའི་རྣམ་བཤད།/others/1715839520906-R42066499ཤེས་རབ་སྙིང་པོའི་རྣམ་བཤད།.docx,downloaded,
D1,Tibetan!B28,ཤེས་རབ་སྙིང་པོ།,https://docs.google.com/document/d/1FYUnP1bqiPpgJA17kHiD8NzSfiIfFyHxbeafNiq1yxE/edit,folder-item,Copy of R42066499 ཤེས་རབ་སྙིང་པོའི་རྣམ་བཤད། -Segmentation,Heart/D1__M29C34F4A ཤེས་རབ་སྙིང་པོ།/Resources/R42066499 ཤེས་རབ་སྙིང་པོའི་རྣམ་བཤད།/others/Copy of R42066499 ཤེས་རབ་སྙིང་པོའི་རྣམ་བཤད། -Segmentation.docx,downloaded,
D1,Tibetan!B28,ཤེས་རབ་སྙིང་པོ།,https://docs.google.com/document/d/1deWOOUVTQPpcayRecOm00XXvyF08fqSjUdZKZ2mcPyQ/edit,folder-item,R42066499ཤེས་རབ་སྙིང་པོའི་རྣམ་བཤད།,Heart/D1__M29C34F4A ཤེས་རབ་སྙིང་པོ།/Resources/R42066499 ཤེས་རབ་སྙིང་པོའི་རྣམ་བཤད།/others/R42066499ཤེས་རབ་སྙིང་པོའི་རྣམ་བཤད།.docx,downloaded,
D1,Tibetan!B28,ཤེས་རབ་སྙིང་པོ།,https://docs.google.com/document/d/1XcJdyFbigmwpCs1i7UjzrsiK5nWxe7aQOTWcf1H1KBI/edit,folder-item,R42066499 ཤེས་རབ་སྙིང་པོའི་རྣམ་བཤད། -Sentence-Segm,Heart/D1__M29C34F4A ཤེས་རབ་སྙིང་པོ།/Resources/R42066499 ཤེས་རབ་སྙིང་པོའི་རྣམ་བཤད།/R42066499 ཤེས་རབ་སྙིང་པོའི་རྣམ་བཤད། -Sentence-Segm.docx,downloaded,
D1,Tibetan!B28,ཤེས་རབ་སྙིང་པོ།,https://docs.google.com/document/d/1g3GChPNv-rQKAYG-PVkOLdsLzDVCmi7TnTW1DE7NwvM/edit,folder-item,R42066499 ཤེས་རབ་སྙིང་པོའི་རྣམ་བཤད། -TOC,Heart/D1__M29C34F4A ཤེས་རབ་སྙིང་པོ།/Resources/R42066499 ཤེས་རབ་སྙིང་པོའི་རྣམ་བཤད།/R42066499 ཤེས་རབ་སྙིང་པོའི་རྣམ་བཤད། -TOC.docx,downloaded,
D1,Tibetan!B28,ཤེས་རབ་སྙིང་པོ།,https://docs.google.com/document/d/1OtPtIXR9uVqpe9lLbyUSvTZiIzajefLT1t89fXAccXI/edit,folder-item,R42066499 ཤེས་རབ་སྙིང་པོའི་རྣམ་བཤད། -Tsadel,Heart/D1__M29C34F4A ཤེས་རབ་སྙིང་པོ།/Resources/R42066499 ཤེས་རབ་སྙིང་པོའི་རྣམ་བཤད།/R42066499 ཤེས་རབ་སྙིང་པོའི་རྣམ་བཤད། -Tsadel.docx,downloaded,
D1,Tibetan!B28,ཤེས་རབ་སྙིང་པོ།,https://docs.google.com/document/d/1zMXikGSW3r89do0haAHLJ8WCkjN1H0VxrGBxoP6xrjA/edit,folder-item,R42066499 ཤེས་རབ་སྙིང་པོའི་རྣམ་བཤད། -Tsawa,Heart/D1__M29C34F4A ཤེས་རབ་སྙིང་པོ།/Resources/R42066499 ཤེས་རབ་སྙིང་པོའི་རྣམ་བཤད།/R42066499 ཤེས་རབ་སྙིང་པོའི་རྣམ་བཤད། -Tsawa.docx,downloaded,
D1,Tibetan!B28,ཤེས་རབ་སྙིང་པོ།,https://docs.google.com/spreadsheets/d/133Od0pYPxIJRGlXECFcT9xxP4YpzZxTl7I7W2rIRAmc/edit,folder-item,R42066499ཤེས་རབ་སྙིང་པོའི་རྣམ་བཤད།,Heart/D1__M29C34F4A ཤེས་རབ་སྙིང་པོ།/Resources/R42066499 ཤེས་རབ་སྙིང་པོའི་རྣམ་བཤད།/R42066499ཤེས་རབ་སྙིང་པོའི་རྣམ་བཤད།.xlsx,downloaded,
D1,Tibetan!B28,ཤེས་རབ་སྙིང་པོ།,https://docs.google.com/document/d/1fR0qviVpPmI_CwoJKSmk4YOOYIXcRFvjQ1pk493waTw/edit,folder-item,1715849328578-R429207AA འཕགས་པ་ཤེས་རབ་ཀྱི་ཕ་རོལ་ཏུ་ཕྱིན་པའི་སྙིང་པོའི་རྒྱ་ཆེར་བཤད་པ།-B5,Heart/D1__M29C34F4A ཤེས་རབ་སྙིང་པོ།/Resources/R429207AA འཕགས་པ་ཤེས་རབ་ཀྱི་ཕ་རོལ་ཏུ་ཕྱིན་པའི་སྙིང་པོའི་རྒྱ་ཆེར་བཤད་པ།/Cleaned etext/1715849328578-R429207AA འཕགས་པ་ཤེས་རབ་ཀྱི་ཕ་རོལ་ཏུ་ཕྱིན་པའི་སྙིང་པོའི་རྒྱ་ཆེར་བཤད་པ།-B5.docx,downloaded,
D1,Tibetan!B28,ཤེས་རབ་སྙིང་པོ།,https://docs.google.com/document/d/1AHkBF9ScdcadMwia9yasMNaMIEuPAK71z9BzkbR2eiU/edit,folder-item,R429207AA འཕགས་པ་ཤེས་རབ་ཀྱི་ཕ་རོལ་ཏུ་ཕྱིན་པའི་སྙིང་པོའི་རྒྱ་ཆེར་བཤད་པ།-B3,Heart/D1__M29C34F4A ཤེས་རབ་སྙིང་པོ།/Resources/R429207AA འཕགས་པ་ཤེས་རབ་ཀྱི་ཕ་རོལ་ཏུ་ཕྱིན་པའི་སྙིང་པོའི་རྒྱ་ཆེར་བཤད་པ།/Cleaned etext/R429207AA འཕགས་པ་ཤེས་རབ་ཀྱི་ཕ་རོལ་ཏུ་ཕྱིན་པའི་སྙིང་པོའི་རྒྱ་ཆེར་བཤད་པ།-B3.docx,downloaded,
D1,Tibetan!B28,ཤེས་རབ་སྙིང་པོ།,https://drive.google.com/file/d/1DKeF19SiBUZfczQkRy7m0VnpmmsxUhPC/view,folder-item,R429207AA འཕགས་པ་ཤེས་རབ་ཀྱི་ཕ་རོལ་ཏུ་ཕྱིན་པའི་སྙིང་པོའི་རྒྱ་ཆེར་བཤད་པ། - B4.pdf,Heart/D1__M29C34F4A ཤེས་རབ་སྙིང་པོ།/Resources/R429207AA འཕགས་པ་ཤེས་རབ་ཀྱི་ཕ་རོལ་ཏུ་ཕྱིན་པའི་སྙིང་པོའི་རྒྱ་ཆེར་བཤད་པ།/OCR/R429207AA འཕགས་པ་ཤེས་རབ་ཀྱི་ཕ་རོལ་ཏུ་ཕྱིན་པའི་སྙིང་པོའི་རྒྱ་ཆེར་བཤད་པ། - B4.pdf,downloaded,
D1,Tibetan!B28,ཤེས་རབ་སྙིང་པོ།,https://drive.google.com/file/d/1QIPEyeduHU2Wj_XPOElAc4FdI7QkxphN/view,folder-item,R429207AA འཕགས་པ་ཤེས་རབ་ཀྱི་ཕ་རོལ་ཏུ་ཕྱིན་པའི་སྙིང་པོའི་རྒྱ་ཆེར་བཤད་པ།-6.pdf,Heart/D1__M29C34F4A ཤེས་རབ་སྙིང་པོ།/Resources/R429207AA འཕགས་པ་ཤེས་རབ་ཀྱི་ཕ་རོལ་ཏུ་ཕྱིན་པའི་སྙིང་པོའི་རྒྱ་ཆེར་བཤད་པ།/OCR/R429207AA འཕགས་པ་ཤེས་རབ་ཀྱི་ཕ་རོལ་ཏུ་ཕྱིན་པའི་སྙིང་པོའི་རྒྱ་ཆེར་བཤད་པ།-6.pdf,downloaded,
D1,Tibetan!B28,ཤེས་རབ་སྙིང་པོ།,https://drive.google.com/file/d/1VykmyE9IHzM5DSNFChcxX4DZVVwr39Ak/view,folder-item,R429207AA འཕགས་པ་ཤེས་རབ་ཀྱི་ཕ་རོལ་ཏུ་ཕྱིན་པའི་སྙིང་པོའི་རྒྱ་ཆེར་བཤད་པ།-B2.pdf,Heart/D1__M29C34F4A ཤེས་རབ་སྙིང་པོ།/Resources/R429207AA འཕགས་པ་ཤེས་རབ་ཀྱི་ཕ་རོལ་ཏུ་ཕྱིན་པའི་སྙིང་པོའི་རྒྱ་ཆེར་བཤད་པ།/OCR/R429207AA འཕགས་པ་ཤེས་རབ་ཀྱི་ཕ་རོལ་ཏུ་ཕྱིན་པའི་སྙིང་པོའི་རྒྱ་ཆེར་བཤད་པ།-B2.pdf,downloaded,
D1,Tibetan!B28,ཤེས་རབ་སྙིང་པོ།,https://drive.google.com/file/d/1QxnF7VpF0Y93nrmyvLTll11xoC0Gb8YT/view,folder-item,R429207AA འཕགས་པ་ཤེས་རབ་ཀྱི་ཕ་རོལ་ཏུ་ཕྱིན་པའི་སྙིང་པོའི་རྒྱ་ཆེར་བཤད་པ།-B5.pdf,Heart/D1__M29C34F4A ཤེས་རབ་སྙིང་པོ།/Resources/R429207AA འཕགས་པ་ཤེས་རབ་ཀྱི་ཕ་རོལ་ཏུ་ཕྱིན་པའི་སྙིང་པོའི་རྒྱ་ཆེར་བཤད་པ།/OCR/R429207AA འཕགས་པ་ཤེས་རབ་ཀྱི་ཕ་རོལ་ཏུ་ཕྱིན་པའི་སྙིང་པོའི་རྒྱ་ཆེར་བཤད་པ།-B5.pdf,downloaded,
D1,Tibetan!B28,ཤེས་རབ་སྙིང་པོ།,https://docs.google.com/document/d/19M5qB91J8el8190L6NSPvB7XwtZhQd0aTRKWU9qhiIM/edit,folder-item,1715839036127-R429207AA འཕགས་པ་ཤེས་རབ་ཀྱི་ཕ་རོལ་ཏུ་ཕྱིན་པའི་སྙིང་པོའི་རྒྱ་ཆེར་བཤད་པ། - B4,Heart/D1__M29C34F4A ཤེས་རབ་སྙིང་པོ།/Resources/R429207AA འཕགས་པ་ཤེས་རབ་ཀྱི་ཕ་རོལ་ཏུ་ཕྱིན་པའི་སྙིང་པོའི་རྒྱ་ཆེར་བཤད་པ།/Others/1715839036127-R429207AA འཕགས་པ་ཤེས་རབ་ཀྱི་ཕ་རོལ་ཏུ་ཕྱིན་པའི་སྙིང་པོའི་རྒྱ་ཆེར་བཤད་པ། - B4.docx,downloaded,
D1,Tibetan!B28,ཤེས་རབ་སྙིང་པོ།,https://docs.google.com/document/d/1yJdYZJh2pONfDuXrOntPk8CyHZA2VYHc6Tqaw25crh4/edit,folder-item,1715848874633-R429207AA འཕགས་པ་ཤེས་རབ་ཀྱི་ཕ་རོལ་ཏུ་ཕྱིན་པའི་སྙིང་པོའི་རྒྱ་ཆེར་བཤད་པ།-6,Heart/D1__M29C34F4A ཤེས་རབ་སྙིང་པོ།/Resources/R429207AA འཕགས་པ་ཤེས་རབ་ཀྱི་ཕ་རོལ་ཏུ་ཕྱིན་པའི་སྙིང་པོའི་རྒྱ་ཆེར་བཤད་པ།/Others/1715848874633-R429207AA འཕགས་པ་ཤེས་རབ་ཀྱི་ཕ་རོལ་ཏུ་ཕྱིན་པའི་སྙིང་པོའི་རྒྱ་ཆེར་བཤད་པ།-6.docx,downloaded,
D1,Tibetan!B28,ཤེས་རབ་སྙིང་པོ།,https://docs.google.com/document/d/13Wrc1Ztx7VbcKj35GaOG1DRourmhu1DzWiRP6ANBlGY/edit,folder-item,1715849223554-R429207AA འཕགས་པ་ཤེས་རབ་ཀྱི་ཕ་རོལ་ཏུ་ཕྱིན་པའི་སྙིང་པོའི་རྒྱ་ཆེར་བཤད་པ།-B2,Heart/D1__M29C34F4A ཤེས་རབ་སྙིང་པོ།/Resources/R429207AA འཕགས་པ་ཤེས་རབ་ཀྱི་ཕ་རོལ་ཏུ་ཕྱིན་པའི་སྙིང་པོའི་རྒྱ་ཆེར་བཤད་པ།/Others/1715849223554-R429207AA འཕགས་པ་ཤེས་རབ་ཀྱི་ཕ་རོལ་ཏུ་ཕྱིན་པའི་སྙིང་པོའི་རྒྱ་ཆེར་བཤད་པ།-B2.docx,downloaded,
D1,Tibetan!B28,ཤེས་རབ་སྙིང་པོ།,https://docs.google.com/document/d/1DToCgyjyv4Zi3mj1m1DnL7vaSakx1mQix2N7EtBE8yU/edit,folder-item,R429207AA འཕགས་པ་ཤེས་རབ་ཀྱི་ཕ་རོལ་ཏུ་ཕྱིན་པའི་སྙིང་པོའི་རྒྱ་ཆེར་བཤད་པ། - B7 #,Heart/D1__M29C34F4A ཤེས་རབ་སྙིང་པོ།/Resources/R429207AA འཕགས་པ་ཤེས་རབ་ཀྱི་ཕ་རོལ་ཏུ་ཕྱིན་པའི་སྙིང་པོའི་རྒྱ་ཆེར་བཤད་པ།/R429207AA འཕགས་པ་ཤེས་རབ་ཀྱི་ཕ་རོལ་ཏུ་ཕྱིན་པའི་སྙིང་པོའི་རྒྱ་ཆེར་བཤད་པ།-B7- ཡིག་རྐྱང་རྩེ་ཕུད། (Best E-text)/R429207AA འཕགས་པ་ཤེས་རབ་ཀྱི་ཕ་རོལ་ཏུ་ཕྱིན་པའི་སྙིང་པོའི་རྒྱ་ཆེར་བཤད་པ། - B7 #.docx,downloaded,
D1,Tibetan!B28,ཤེས་རབ་སྙིང་པོ།,https://docs.google.com/document/d/1NKR7aZaUQTGz0KbyqyEdoOpywn88sBnaGB-Za9ri-ZE/edit,folder-item,R429207AA འཕགས་པ་ཤེས་རབ་ཀྱི་ཕ་རོལ་ཏུ་ཕྱིན་པའི་སྙིང་པོའི་རྒྱ་ཆེར་བཤད་པ། - B7 -Segmentation,Heart/D1__M29C34F4A ཤེས་རབ་སྙིང་པོ།/Resources/R429207AA འཕགས་པ་ཤེས་རབ་ཀྱི་ཕ་རོལ་ཏུ་ཕྱིན་པའི་སྙིང་པོའི་རྒྱ་ཆེར་བཤད་པ།/R429207AA འཕགས་པ་ཤེས་རབ་ཀྱི་ཕ་རོལ་ཏུ་ཕྱིན་པའི་སྙིང་པོའི་རྒྱ་ཆེར་བཤད་པ།-B7- ཡིག་རྐྱང་རྩེ་ཕུད། (Best E-text)/R429207AA འཕགས་པ་ཤེས་རབ་ཀྱི་ཕ་རོལ་ཏུ་ཕྱིན་པའི་སྙིང་པོའི་རྒྱ་ཆེར་བཤད་པ། - B7 -Segmentation.docx,downloaded,
D1,Tibetan!B28,ཤེས་རབ་སྙིང་པོ།,https://docs.google.com/document/d/1bpyOnOtW5rldiifaAcCVzq0lxKnQhcjhwvIoX5f-R0A/edit,folder-item,R429207AA ཤེས་རབ་སྙིང་པོ། - Clean Root Tsadel,Heart/D1__M29C34F4A ཤེས་རབ་སྙིང་པོ།/Resources/R429207AA འཕགས་པ་ཤེས་རབ་ཀྱི་ཕ་རོལ་ཏུ་ཕྱིན་པའི་སྙིང་པོའི་རྒྱ་ཆེར་བཤད་པ།/R429207AA ཤེས་རབ་སྙིང་པོ། - Clean Root Tsadel.docx,downloaded,
D1,Tibetan!B28,ཤེས་རབ་སྙིང་པོ།,https://docs.google.com/document/d/1qrsmaZHN6gX3QPP4Ysj4AbeZOEZ10O56nou0aGR8PKU/edit,folder-item,R429207AA འཕགས་པ་ཤེས་རབ་ཀྱི་ཕ་རོལ་ཏུ་ཕྱིན་པའི་སྙིང་པོའི་རྒྱ་ཆེར་བཤད་པ། - Sentence-Segm,Heart/D1__M29C34F4A ཤེས་རབ་སྙིང་པོ།/Resources/R429207AA འཕགས་པ་ཤེས་རབ་ཀྱི་ཕ་རོལ་ཏུ་ཕྱིན་པའི་སྙིང་པོའི་རྒྱ་ཆེར་བཤད་པ།/R429207AA འཕགས་པ་ཤེས་རབ་ཀྱི་ཕ་རོལ་ཏུ་ཕྱིན་པའི་སྙིང་པོའི་རྒྱ་ཆེར་བཤད་པ། - Sentence-Segm.docx,downloaded,
D1,Tibetan!B28,ཤེས་རབ་སྙིང་པོ།,https://docs.google.com/document/d/1LXB70GsbYAkxmCD5Cnrb7u_JQwXlBlIU7aaBCU5G0uo/edit,folder-item,R429207AA འཕགས་པ་ཤེས་རབ་ཀྱི་ཕ་རོལ་ཏུ་ཕྱིན་པའི་སྙིང་པོའི་རྒྱ་ཆེར་བཤད་པ། - TOC,Heart/D1__M29C34F4A ཤེས་རབ་སྙིང་པོ།/Resources/R429207AA འཕགས་པ་ཤེས་རབ་ཀྱི་ཕ་རོལ་ཏུ་ཕྱིན་པའི་སྙིང་པོའི་རྒྱ་ཆེར་བཤད་པ།/R429207AA འཕགས་པ་ཤེས་རབ་ཀྱི་ཕ་རོལ་ཏུ་ཕྱིན་པའི་སྙིང་པོའི་རྒྱ་ཆེར་བཤད་པ། - TOC.docx,downloaded,
D1,Tibetan!B28,ཤེས་རབ་སྙིང་པོ།,https://docs.google.com/document/d/181yAycKuAxdxOdQFz5g2TyPt3pXvw97KtCpKXc5e2uE/edit,folder-item,R429207AA འཕགས་པ་ཤེས་རབ་ཀྱི་ཕ་རོལ་ཏུ་ཕྱིན་པའི་སྙིང་པོའི་རྒྱ་ཆེར་བཤད་པ། - Tsadel,Heart/D1__M29C34F4A ཤེས་རབ་སྙིང་པོ།/Resources/R429207AA འཕགས་པ་ཤེས་རབ་ཀྱི་ཕ་རོལ་ཏུ་ཕྱིན་པའི་སྙིང་པོའི་རྒྱ་ཆེར་བཤད་པ།/R429207AA འཕགས་པ་ཤེས་རབ་ཀྱི་ཕ་རོལ་ཏུ་ཕྱིན་པའི་སྙིང་པོའི་རྒྱ་ཆེར་བཤད་པ། - Tsadel.docx,downloaded,
D1,Tibetan!B28,ཤེས་རབ་སྙིང་པོ།,https://docs.google.com/document/d/1dmP259BMtclHsfmvA71OZhGO7Ycp22nfFuPie5tVLl8/edit,folder-item,R429207AA འཕགས་པ་ཤེས་རབ་ཀྱི་ཕ་རོལ་ཏུ་ཕྱིན་པའི་སྙིང་པོའི་རྒྱ་ཆེར་བཤད་པ། -Citation,Heart/D1__M29C34F4A ཤེས་རབ་སྙིང་པོ།/Resources/R429207AA འཕགས་པ་ཤེས་རབ་ཀྱི་ཕ་རོལ་ཏུ་ཕྱིན་པའི་སྙིང་པོའི་རྒྱ་ཆེར་བཤད་པ།/R429207AA འཕགས་པ་ཤེས་རབ་ཀྱི་ཕ་རོལ་ཏུ་ཕྱིན་པའི་སྙིང་པོའི་རྒྱ་ཆེར་བཤད་པ། -Citation.docx,downloaded,
D1,Tibetan!B28,ཤེས་རབ་སྙིང་པོ།,https://docs.google.com/spreadsheets/d/1w0LHOsPSLAjEeLLzcYaW6qHn-w2PE-sXUN4EBri9uMw/edit,folder-item,R429207AA འཕགས་པ་ཤེས་རབ་ཀྱི་ཕ་རོལ་ཏུ་ཕྱིན་པའི་སྙིང་པོའི་རྒྱ་ཆེར་བཤད་པ། Metadata,Heart/D1__M29C34F4A ཤེས་རབ་སྙིང་པོ།/Resources/R429207AA འཕགས་པ་ཤེས་རབ་ཀྱི་ཕ་རོལ་ཏུ་ཕྱིན་པའི་སྙིང་པོའི་རྒྱ་ཆེར་བཤད་པ།/R429207AA འཕགས་པ་ཤེས་རབ་ཀྱི་ཕ་རོལ་ཏུ་ཕྱིན་པའི་སྙིང་པོའི་རྒྱ་ཆེར་བཤད་པ། Metadata.xlsx,downloaded,
D1,Tibetan!B28,ཤེས་རབ་སྙིང་པོ།,https://drive.google.com/file/d/1_xrXCsFnFziymPpgnjvs0CclzipetVUb/view,folder-item,R46878C73 ཤེས་རབ་སྙིང་པོའི་འགྲེལ་བ་ཟབ་མོ་སྣང་བའི་གཏེར་སྒོ་ཞེས་བྱ་བ་བཞུགས་སོ། །-B2.pdf,Heart/D1__M29C34F4A ཤེས་རབ་སྙིང་པོ།/Resources/R46878C73 ཤེས་རབ་སྙིང་པོའི་འགྲེལ་བ་ཟབ་མོ་སྣང་བའི་གཏེར་སྒོ་ཞེས་བྱ་བ་བཞུགས་སོ། །/Others/R46878C73 ཤེས་རབ་སྙིང་པོའི་འགྲེལ་བ་ཟབ་མོ་སྣང་བའི་གཏེར་སྒོ་ཞེས་བྱ་བ་བཞུགས་སོ། །-B2.pdf,downloaded,
D1,Tibetan!B28,ཤེས་རབ་སྙིང་པོ།,https://docs.google.com/document/d/1ddhbU4Ihww-XeWrX9ghq3tgv8s4Onhlcq5s69uccKXY/edit,folder-item,R46878C73ཤེས་རབ་སྙིང་པོའི་འགྲེལ་བ་ཟབ་མོ་སྣང་བའི་གཏེར་སྒོ་ཞེས་བྱ་བ་བཞུགས་སོ། - Segmentation,Heart/D1__M29C34F4A ཤེས་རབ་སྙིང་པོ།/Resources/R46878C73 ཤེས་རབ་སྙིང་པོའི་འགྲེལ་བ་ཟབ་མོ་སྣང་བའི་གཏེར་སྒོ་ཞེས་བྱ་བ་བཞུགས་སོ། །/R46878C73 ཤེས་རབ་སྙིང་པོའི་འགྲེལ་བ་ཟབ་མོ་སྣང་བའི་གཏེར་སྒོ་ཞེས་བྱ་བ་བཞུགས་སོ། །-Best E-Text/R46878C73ཤེས་རབ་སྙིང་པོའི་འགྲེལ་བ་ཟབ་མོ་སྣང་བའི་གཏེར་སྒོ་ཞེས་བྱ་བ་བཞུགས་སོ། - Segmentation.docx,downloaded,
D1,Tibetan!B28,ཤེས་རབ་སྙིང་པོ།,https://docs.google.com/document/d/1ap5EVTQD-aWseLXDfJmlumgZzEVzaKTA-maAHVtXQdA/edit,folder-item,R46878C73ཤེས་རབ་སྙིང་པོའི་འགྲེལ་བ་ཟབ་མོ་སྣང་བའི་གཏེར་སྒོ་ཞེས་བྱ་བ་བཞུགས་སོ། B-2,Heart/D1__M29C34F4A ཤེས་རབ་སྙིང་པོ།/Resources/R46878C73 ཤེས་རབ་སྙིང་པོའི་འགྲེལ་བ་ཟབ་མོ་སྣང་བའི་གཏེར་སྒོ་ཞེས་བྱ་བ་བཞུགས་སོ། །/R46878C73 ཤེས་རབ་སྙིང་པོའི་འགྲེལ་བ་ཟབ་མོ་སྣང་བའི་གཏེར་སྒོ་ཞེས་བྱ་བ་བཞུགས་སོ། །-Best E-Text/R46878C73ཤེས་རབ་སྙིང་པོའི་འགྲེལ་བ་ཟབ་མོ་སྣང་བའི་གཏེར་སྒོ་ཞེས་བྱ་བ་བཞུགས་སོ། B-2.docx,downloaded,
D1,Tibetan!B28,ཤེས་རབ་སྙིང་པོ།,https://docs.google.com/spreadsheets/d/14u1FK2EXm9obt2miBrkw-A7l-Ou781ct4aWAeKzy9b0/edit,folder-item,R46878C73 ཤེས་རབ་སྙིང་པོའི་འགྲེལ་བ་ཟབ་མོ་སྣང་བའི་གཏེར་སྒོ་ཞེས་བྱ་བ་བཞུགས་སོ། །,Heart/D1__M29C34F4A ཤེས་རབ་སྙིང་པོ།/Resources/R46878C73 ཤེས་རབ་སྙིང་པོའི་འགྲེལ་བ་ཟབ་མོ་སྣང་བའི་གཏེར་སྒོ་ཞེས་བྱ་བ་བཞུགས་སོ། །/R46878C73 ཤེས་རབ་སྙིང་པོའི་འགྲེལ་བ་ཟབ་མོ་སྣང་བའི་གཏེར་སྒོ་ཞེས་བྱ་བ་བཞུགས་སོ། །.xlsx,downloaded,
D1,Tibetan!B28,ཤེས་རབ་སྙིང་པོ།,https://docs.google.com/spreadsheets/d/1RIr5AmK7OvssdQp8A8cpXMF1tq5htsVXUSQSGoU9F30/edit,folder-item,R484EBB4A ཤེས་རབ་སྙིང་པོའི་བཀའ་ཁྲིད་།,Heart/D1__M29C34F4A ཤེས་རབ་སྙིང་པོ།/Resources/R484EBB4A ཤེས་རབ་སྙིང་པོའི་བཀའ་ཁྲིད་།/R484EBB4A ཤེས་རབ་སྙིང་པོའི་བཀའ་ཁྲིད་།.xlsx,downloaded,
D1,Tibetan!B28,ཤེས་རབ་སྙིང་པོ།,https://drive.google.com/file/d/1S8RRcdnFm-5qHJoNxFD59Q1_M73AWg5C/view,folder-item,R49197A93 ཤེས་རབ་སྙིང་པོའི་མདོའི་ས་བཅད་བཞུགས།-B2.pdf,Heart/D1__M29C34F4A ཤེས་རབ་སྙིང་པོ།/Resources/R49197A93 ཤེས་རབ་སྙིང་པོའི་མདོའི་ས་བཅད་བཞུགས།/Others/R49197A93 ཤེས་རབ་སྙིང་པོའི་མདོའི་ས་བཅད་བཞུགས།-B2.pdf,downloaded,
D1,Tibetan!B28,ཤེས་རབ་སྙིང་པོ།,https://docs.google.com/document/d/1vWfeEq9hJwtv5hK_Xn1qHMpt6GxCDfwN9HZnBo0EkuM/edit,folder-item,R49197A93 ཤེས་རབ་སྙིང་པོའི་མདོའི་ས་བཅད་བཞུགས། B-2,Heart/D1__M29C34F4A ཤེས་རབ་སྙིང་པོ།/Resources/R49197A93 ཤེས་རབ་སྙིང་པོའི་མདོའི་ས་བཅད་བཞུགས།/R49197A93 ཤེས་རབ་སྙིང་པོའི་མདོའི་ས་བཅད་བཞུགས།-Best E-text/R49197A93 ཤེས་རབ་སྙིང་པོའི་མདོའི་ས་བཅད་བཞུགས། B-2.docx,downloaded,
D1,Tibetan!B28,ཤེས་རབ་སྙིང་པོ།,https://docs.google.com/document/d/1K6gIJbathC6A2YkDxO43044vpGKojdiiiLqtadQiI40/edit,folder-item,R49197A93 ཤེས་རབ་སྙིང་པོའི་མདོའི་ས་བཅད་བཞུགས། B-2-Segmentation,Heart/D1__M29C34F4A ཤེས་རབ་སྙིང་པོ།/Resources/R49197A93 ཤེས་རབ་སྙིང་པོའི་མདོའི་ས་བཅད་བཞུགས།/R49197A93 ཤེས་རབ་སྙིང་པོའི་མདོའི་ས་བཅད་བཞུགས།-Best E-text/R49197A93 ཤེས་རབ་སྙིང་པོའི་མདོའི་ས་བཅད་བཞུགས། B-2-Segmentation.docx,downloaded,
D1,Tibetan!B28,ཤེས་རབ་སྙིང་པོ།,https://docs.google.com/spreadsheets/d/1TpYTLWqT1tCYAQzFLMiLt4u3ZBV_eOx0p8yZGUauO-k/edit,folder-item,R49197A93 ཤེས་རབ་སྙིང་པོའི་མདོའི་ས་བཅད་བཞུགས།,Heart/D1__M29C34F4A ཤེས་རབ་སྙིང་པོ།/Resources/R49197A93 ཤེས་རབ་སྙིང་པོའི་མདོའི་ས་བཅད་བཞུགས།/R49197A93 ཤེས་རབ་སྙིང་པོའི་མདོའི་ས་བཅད་བཞུགས།.xlsx,downloaded,
D1,Tibetan!B28,ཤེས་རབ་སྙིང་པོ།,https://docs.google.com/spreadsheets/d/1hZCV5xNC2BMNoE8-YUTv9guYCu59S6YMs6THGXK4YGE/edit,folder-item,R4ACD8AA6 ཤེས་རབ་སྙིང་པོའི་འགྲེལ་བ།,Heart/D1__M29C34F4A ཤེས་རབ་སྙིང་པོ།/Resources/R4ACD8AA6 ཤེས་རབ་སྙིང་པོའི་འགྲེལ་བ།/R4ACD8AA6 ཤེས་རབ་སྙིང་པོའི་འགྲེལ་བ།.xlsx,downloaded,
D1,Tibetan!B28,ཤེས་རབ་སྙིང་པོ།,https://docs.google.com/spreadsheets/d/1hPkMO9WCF_WSjJ1d3Zq19sWTf1J_Pk6YHDrd3Dq3fWw/edit,folder-item,R4B32F849ཤེས་རབ་སྙིང་པོའི་རྣམས་བཤད་ཆོས་འཁོར་དྭོགས་གཅོད་བཞུགས།,Heart/D1__M29C34F4A ཤེས་རབ་སྙིང་པོ།/Resources/R4B32F849ཤེས་རབ་སྙིང་པོའི་རྣམས་བཤད་ཆོས་འཁོར་དྭོགས་གཅོད་བཞུགས།/R4B32F849ཤེས་རབ་སྙིང་པོའི་རྣམས་བཤད་ཆོས་འཁོར་དྭོགས་གཅོད་བཞུགས།.xlsx,downloaded,
D1,Tibetan!B28,ཤེས་རབ་སྙིང་པོ།,https://drive.google.com/file/d/1mLggoK4pC-1hJHtUsjpSEIn2YtG_91oq/view,folder-item,ཤེས་རབ་སྙིང་པོའི་རྣམས་བཤད་ཆོས་འཁོར་དྭོགས་གཅོད་བཞུགས།,Heart/D1__M29C34F4A ཤེས་རབ་སྙིང་པོ།/Resources/R4B32F849ཤེས་རབ་སྙིང་པོའི་རྣམས་བཤད་ཆོས་འཁོར་དྭོགས་གཅོད་བཞུགས།/ཤེས་རབ་སྙིང་པོའི་རྣམས་བཤད་ཆོས་འཁོར་དྭོགས་གཅོད་བཞུགས།,downloaded,
D1,Tibetan!B28,ཤེས་རབ་སྙིང་པོ།,https://drive.google.com/file/d/1lTR0CMvf6uec8v-NBxdXJ0mNjzULEOqu/view,folder-item,ཤེས་རབ་སྙིང་པོའི་རྣམས་བཤད་ཆོས་འཁོར་དྭོགས་གཅོད་བཞུགས།.txt,Heart/D1__M29C34F4A ཤེས་རབ་སྙིང་པོ།/Resources/R4B32F849ཤེས་རབ་སྙིང་པོའི་རྣམས་བཤད་ཆོས་འཁོར་དྭོགས་གཅོད་བཞུགས།/ཤེས་རབ་སྙིང་པོའི་རྣམས་བཤད་ཆོས་འཁོར་དྭོགས་གཅོད་བཞུགས།.txt,downloaded,
D1,Tibetan!B28,ཤེས་རབ་སྙིང་པོ།,https://docs.google.com/spreadsheets/d/1YwMyuAtuS96PBbLzq69ZIkPOTFCl2RlvP4kM7XlLYh0/edit,folder-item,R4C47D1A0ཤེས་རབ་སྙིང་བོའི་སྔགས་ཀྱི་རྣམ་བཤད་སྦས་དོན་གསལ་བ་ཞེས་བྱ་བ་བཞུགས་སོ།།,Heart/D1__M29C34F4A ཤེས་རབ་སྙིང་པོ།/Resources/R4C47D1A0ཤེས་རབ་སྙིང་བོའི་སྔགས་ཀྱི་རྣམ་བཤད་སྦས་དོན་གསལ་བ་ཞེས་བྱ་བ་བཞུགས་སོ།།/R4C47D1A0ཤེས་རབ་སྙིང་བོའི་སྔགས་ཀྱི་རྣམ་བཤད་སྦས་དོན་གསལ་བ་ཞེས་བྱ་བ་བཞུགས་སོ།།.xlsx,downloaded,
D1,Tibetan!B28,ཤེས་རབ་སྙིང་པོ།,https://drive.google.com/file/d/1oosdDNYq7V-q7wnCVr-C4FRo4GuGMJC1/view,folder-item,ཤེས་རབ་སྙིང་བོའི་སྔགས་ཀྱི་རྣམ་བཤད་སྦས་དོན་གསལ་བ་ཞེས་བྱ་བ་བཞུགས་སོ།།,Heart/D1__M29C34F4A ཤེས་རབ་སྙིང་པོ།/Resources/R4C47D1A0ཤེས་རབ་སྙིང་བོའི་སྔགས་ཀྱི་རྣམ་བཤད་སྦས་དོན་གསལ་བ་ཞེས་བྱ་བ་བཞུགས་སོ།།/ཤེས་རབ་སྙིང་བོའི་སྔགས་ཀྱི་རྣམ་བཤད་སྦས་དོན་གསལ་བ་ཞེས་བྱ་བ་བཞུགས་སོ།།,downloaded,
D1,Tibetan!B28,ཤེས་རབ་སྙིང་པོ།,https://drive.google.com/file/d/1FyXN91iB2XfOQtIacGQtQtKSrOjTl1hx/view,folder-item,ཤེས་རབ་སྙིང་བོའི་སྔགས་ཀྱི་རྣམ་བཤད་སྦས་དོན་གསལ་བ་ཞེས་བྱ་བ་བཞུགས་སོ།།.txt,Heart/D1__M29C34F4A ཤེས་རབ་སྙིང་པོ།/Resources/R4C47D1A0ཤེས་རབ་སྙིང་བོའི་སྔགས་ཀྱི་རྣམ་བཤད་སྦས་དོན་གསལ་བ་ཞེས་བྱ་བ་བཞུགས་སོ།།/ཤེས་རབ་སྙིང་བོའི་སྔགས་ཀྱི་རྣམ་བཤད་སྦས་དོན་གསལ་བ་ཞེས་བྱ་བ་བཞུགས་སོ།།.txt,downloaded,
D1,Tibetan!B28,ཤེས་རབ་སྙིང་པོ།,https://docs.google.com/document/d/1RRLaaqRvM2f97U7eD135eQZtTUua_YBQKQNsCcxbcGE/edit,folder-item,R4D2984CC ཤེས་རབ་སྙིང་པོའི་འགྲེལ་པ་དོན་གསལ་ནོར་བུའི་འོད།-B3,Heart/D1__M29C34F4A ཤེས་རབ་སྙིང་པོ།/Resources/R4D2984CC ཤེས་རབ་སྙིང་པོའི་འགྲེལ་པ་དོན་གསལ་ནོར་བུའི་འོད།/Cleaned text/R4D2984CC ཤེས་རབ་སྙིང་པོའི་འགྲེལ་པ་དོན་གསལ་ནོར་བུའི་འོད།-B3.docx,downloaded,
D1,Tibetan!B28,ཤེས་རབ་སྙིང་པོ།,https://docs.google.com/document/d/1Dqd1RgyKGJf6c7HZY8d_T_WIcSfPOQduEZNNzQTH1uk/edit,folder-item,R4D2984CC ཤེས་རབ་སྙིང་པོའི་འགྲེལ་པ་དོན་གསལ་ནོར་བུའི་འོད།-B4,Heart/D1__M29C34F4A ཤེས་རབ་སྙིང་པོ།/Resources/R4D2984CC ཤེས་རབ་སྙིང་པོའི་འགྲེལ་པ་དོན་གསལ་ནོར་བུའི་འོད།/Cleaned text/R4D2984CC ཤེས་རབ་སྙིང་པོའི་འགྲེལ་པ་དོན་གསལ་ནོར་བུའི་འོད།-B4.docx,downloaded,
D1,Tibetan!B28,ཤེས་རབ་སྙིང་པོ།,https://docs.google.com/document/d/1VhdEPw1TRWOM54RylzNomaabyoP7WBzcyH4BdsNX6xg/edit,folder-item,R4D2984CC ཤེས་རབ་སྙིང་པོའི་འགྲེལ་པ་དོན་གསལ་ནོར་བུའི་འོད།-B5#,Heart/D1__M29C34F4A ཤེས་རབ་སྙིང་པོ།/Resources/R4D2984CC ཤེས་རབ་སྙིང་པོའི་འགྲེལ་པ་དོན་གསལ་ནོར་བུའི་འོད།/Cleaned text/R4D2984CC ཤེས་རབ་སྙིང་པོའི་འགྲེལ་པ་དོན་གསལ་ནོར་བུའི་འོད།-B5#.docx,downloaded,
D1,Tibetan!B28,ཤེས་རབ་སྙིང་པོ།,https://docs.google.com/document/d/1AZtSJ-JaSRO9Gz4LAhNb9mQ1610HQM2FjjTgiWmtA9M/edit,folder-item,R4D2984CC ཤེས་རབ་སྙིང་པོའི་འགྲེལ་པ་དོན་གསལ་ནོར་བུའི་འོད།-E2,Heart/D1__M29C34F4A ཤེས་རབ་སྙིང་པོ།/Resources/R4D2984CC ཤེས་རབ་སྙིང་པོའི་འགྲེལ་པ་དོན་གསལ་ནོར་བུའི་འོད།/Cleaned text/R4D2984CC ཤེས་རབ་སྙིང་པོའི་འགྲེལ་པ་དོན་གསལ་ནོར་བུའི་འོད།-E2.docx,downloaded,
D1,Tibetan!B28,ཤེས་རབ་སྙིང་པོ།,https://drive.google.com/file/d/1EuQGmu3cmeAESLYGkRLkqkXfi2DBK9Ud/view,folder-item,R4D2984CC ཤེས་རབ་སྙིང་པོའི་འགྲེལ་པ་དོན་གསལ་ནོར་བུའི་འོད།-B2.pdf,Heart/D1__M29C34F4A ཤེས་རབ་སྙིང་པོ།/Resources/R4D2984CC ཤེས་རབ་སྙིང་པོའི་འགྲེལ་པ་དོན་གསལ་ནོར་བུའི་འོད།/OCR/R4D2984CC ཤེས་རབ་སྙིང་པོའི་འགྲེལ་པ་དོན་གསལ་ནོར་བུའི་འོད།-B2.pdf,downloaded,
D1,Tibetan!B28,ཤེས་རབ་སྙིང་པོ།,https://drive.google.com/file/d/1foGXFICwoIQRrFIezqPmOOzo0b-8wO-O/view,folder-item,R4D2984CC ཤེས་རབ་སྙིང་པོའི་འགྲེལ་པ་དོན་གསལ་ནོར་བུའི་འོད།-B6.pdf,Heart/D1__M29C34F4A ཤེས་རབ་སྙིང་པོ།/Resources/R4D2984CC ཤེས་རབ་སྙིང་པོའི་འགྲེལ་པ་དོན་གསལ་ནོར་བུའི་འོད།/OCR/R4D2984CC ཤེས་རབ་སྙིང་པོའི་འགྲེལ་པ་དོན་གསལ་ནོར་བུའི་འོད།-B6.pdf,downloaded,
D1,Tibetan!B28,ཤེས་རབ་སྙིང་པོ།,https://docs.google.com/document/d/1M8EsYk8z4iZWHLu5c7h2bSri2qRpIbk6P8nCTnYvLJ4/edit,folder-item,1715837183334-R4D2984CC ཤེས་རབ་སྙིང་པོའི་འགྲེལ་པ་དོན་གསལ་ནོར་བུའི་འོད།-B6,Heart/D1__M29C34F4A ཤེས་རབ་སྙིང་པོ།/Resources/R4D2984CC ཤེས་རབ་སྙིང་པོའི་འགྲེལ་པ་དོན་གསལ་ནོར་བུའི་འོད།/Others/1715837183334-R4D2984CC ཤེས་རབ་སྙིང་པོའི་འགྲེལ་པ་དོན་གསལ་ནོར་བུའི་འོད།-B6.docx,downloaded,
D1,Tibetan!B28,ཤེས་རབ་སྙིང་པོ།,https://docs.google.com/document/d/1UelaYroRnHJ9RnkjOHNEr0KSqWInswZNqm1doJjz2Ys/edit,folder-item,R4D2984CC ཤེས་རབ་སྙིང་པོའི་འགྲེལ་པ་དོན་གསལ་ནོར་བུའི་འོད།-B2,Heart/D1__M29C34F4A ཤེས་རབ་སྙིང་པོ།/Resources/R4D2984CC ཤེས་རབ་སྙིང་པོའི་འགྲེལ་པ་དོན་གསལ་ནོར་བུའི་འོད།/Others/R4D2984CC ཤེས་རབ་སྙིང་པོའི་འགྲེལ་པ་དོན་གསལ་ནོར་བུའི་འོད།-B2.docx,downloaded,
D1,Tibetan!B28,ཤེས་རབ་སྙིང་པོ།,https://docs.google.com/document/d/1Ri5ySovzm9-k-BXEdrkrYSxcLA2HaVtiFb6Uq1eYnm8/edit,folder-item,Common Spell Without Note,Heart/D1__M29C34F4A ཤེས་རབ་སྙིང་པོ།/Resources/R4D2984CC ཤེས་རབ་སྙིང་པོའི་འགྲེལ་པ་དོན་གསལ་ནོར་བུའི་འོད།/R4D2984CC ཤེས་རབ་སྙིང་པོའི་འགྲེལ་པ་དོན་གསལ་ནོར་བུའི་འོད།- ཡིག་རྐྱང་རྩེ་ཕུད། (Best E-Text)/Common Spell Without Note.docx,downloaded,
D1,Tibetan!B28,ཤེས་རབ་སྙིང་པོ།,https://drive.google.com/file/d/1dsKZKLRgfjYbllyor561PkWplygSPUey/view,folder-item,common_spell With Note.docx,,failed,"Uploaded .docx you can view, but it is not shared by link: Drive only serves it to a normal browser download, which cannot be captured into the zip (in-page fetch blocked by CORS). File itself is accessible."
D1,Tibetan!B28,ཤེས་རབ་སྙིང་པོ།,https://docs.google.com/document/d/1LbqOl81uQv7sBig4YTvtNz9VF6P8bTnFERIpXrGSIGU/edit,folder-item,R4D2984CC ཤེས་རབ་སྙིང་པོའི་འགྲེལ་པ་དོན་གསལ་ནོར་བུའི་འོད།-Segmentation,Heart/D1__M29C34F4A ཤེས་རབ་སྙིང་པོ།/Resources/R4D2984CC ཤེས་རབ་སྙིང་པོའི་འགྲེལ་པ་དོན་གསལ་ནོར་བུའི་འོད།/R4D2984CC ཤེས་རབ་སྙིང་པོའི་འགྲེལ་པ་དོན་གསལ་ནོར་བུའི་འོད།- ཡིག་རྐྱང་རྩེ་ཕུད། (Best E-Text)/R4D2984CC ཤེས་རབ་སྙིང་པོའི་འགྲེལ་པ་དོན་གསལ་ནོར་བུའི་འོད།-Segmentation.docx,downloaded,
D1,Tibetan!B28,ཤེས་རབ་སྙིང་པོ།,https://docs.google.com/spreadsheets/d/1mWXsKjQOjUiLIBno8kB3K7b60HE52UQ_rA6UPZK8jgc/edit,folder-item,R4D2984CC ཤེས་རབ་སྙིང་པོའི་འགྲེལ་པ་དོན་གསལ་ནོར་བུའི་འོད།,Heart/D1__M29C34F4A ཤེས་རབ་སྙིང་པོ།/Resources/R4D2984CC ཤེས་རབ་སྙིང་པོའི་འགྲེལ་པ་དོན་གསལ་ནོར་བུའི་འོད།/R4D2984CC ཤེས་རབ་སྙིང་པོའི་འགྲེལ་པ་དོན་གསལ་ནོར་བུའི་འོད།.xlsx,downloaded,
D1,Tibetan!B28,ཤེས་རབ་སྙིང་པོ།,https://docs.google.com/document/d/1Kj_hJtK4FEP5zbna1StSkQ6qNSrG4s0NIgw72r8asiU/edit,folder-item,R4DC3256Fཤེས་རབ་སྙིང་པོའི་སྔགས་ཀྱི་རྣམ་བཤད་སྦས་དོན་གསལ་བ། -E5,Heart/D1__M29C34F4A ཤེས་རབ་སྙིང་པོ།/Resources/R4DC3256Fཤེས་རབ་སྙིང་པོའི་སྔགས་ཀྱི་རྣམ་བཤད་སྦས་དོན་གསལ་བ།/Cleaned text/R4DC3256Fཤེས་རབ་སྙིང་པོའི་སྔགས་ཀྱི་རྣམ་བཤད་སྦས་དོན་གསལ་བ། -E5.docx,downloaded,
D1,Tibetan!B28,ཤེས་རབ་སྙིང་པོ།,https://docs.google.com/document/d/15eGoa3erpBMzefPgKsS_L1HpaG1YbUmHIV122ch0qzc/edit,folder-item,R4DC3256Fཤེས་རབ་སྙིང་པོའི་སྔགས་ཀྱི་རྣམ་བཤད་སྦས་དོན་གསལ་བ། B3 #,Heart/D1__M29C34F4A ཤེས་རབ་སྙིང་པོ།/Resources/R4DC3256Fཤེས་རབ་སྙིང་པོའི་སྔགས་ཀྱི་རྣམ་བཤད་སྦས་དོན་གསལ་བ།/Cleaned text/R4DC3256Fཤེས་རབ་སྙིང་པོའི་སྔགས་ཀྱི་རྣམ་བཤད་སྦས་དོན་གསལ་བ། B3 #.docx,downloaded,
D1,Tibetan!B28,ཤེས་རབ་སྙིང་པོ།,https://docs.google.com/document/d/1b8PWWoxGkW8bmO9E2PD2os9Nz71JrRwLogQn13IgtpQ/edit,folder-item,R4DC3256Fཤེས་རབ་སྙིང་པོའི་སྔགས་ཀྱི་རྣམ་བཤད་སྦས་དོན་གསལ་བ། E-2,Heart/D1__M29C34F4A ཤེས་རབ་སྙིང་པོ།/Resources/R4DC3256Fཤེས་རབ་སྙིང་པོའི་སྔགས་ཀྱི་རྣམ་བཤད་སྦས་དོན་གསལ་བ།/Cleaned text/R4DC3256Fཤེས་རབ་སྙིང་པོའི་སྔགས་ཀྱི་རྣམ་བཤད་སྦས་དོན་གསལ་བ། E-2.docx,downloaded,
D1,Tibetan!B28,ཤེས་རབ་སྙིང་པོ།,https://docs.google.com/document/d/1Lo7d55BvIcOkARnwuBcyHiIQG5757JxCdYdMTPsjhcc/edit,folder-item,R4DC3256Fཤེས་རབ་སྙིང་པོའི་སྔགས་ཀྱི་རྣམ་བཤད་སྦས་དོན་གསལ་བ། E-3,Heart/D1__M29C34F4A ཤེས་རབ་སྙིང་པོ།/Resources/R4DC3256Fཤེས་རབ་སྙིང་པོའི་སྔགས་ཀྱི་རྣམ་བཤད་སྦས་དོན་གསལ་བ།/Cleaned text/R4DC3256Fཤེས་རབ་སྙིང་པོའི་སྔགས་ཀྱི་རྣམ་བཤད་སྦས་དོན་གསལ་བ། E-3.docx,downloaded,
D1,Tibetan!B28,ཤེས་རབ་སྙིང་པོ།,https://drive.google.com/file/d/12GqE8vWGiaJ3KbOisTBL-IHF00xolUz2/view,folder-item,R4DC3256Fཤེས་རབ་སྙིང་པོའི་སྔགས་ཀྱི་རྣམ་བཤད་སྦས་དོན་གསལ་བ། B2.pdf,Heart/D1__M29C34F4A ཤེས་རབ་སྙིང་པོ།/Resources/R4DC3256Fཤེས་རབ་སྙིང་པོའི་སྔགས་ཀྱི་རྣམ་བཤད་སྦས་དོན་གསལ་བ།/OCR/R4DC3256Fཤེས་རབ་སྙིང་པོའི་སྔགས་ཀྱི་རྣམ་བཤད་སྦས་དོན་གསལ་བ། B2.pdf,downloaded,
D1,Tibetan!B28,ཤེས་རབ་སྙིང་པོ།,https://drive.google.com/file/d/1vrMr3IapNJ7nt2Ym_sZXacn81txdWp_D/view,folder-item,R4DC3256Fཤེས་རབ་སྙིང་པོའི་སྔགས་ཀྱི་རྣམ་བཤད་སྦས་དོན་གསལ་བ། B3.pdf,Heart/D1__M29C34F4A ཤེས་རབ་སྙིང་པོ།/Resources/R4DC3256Fཤེས་རབ་སྙིང་པོའི་སྔགས་ཀྱི་རྣམ་བཤད་སྦས་དོན་གསལ་བ།/OCR/R4DC3256Fཤེས་རབ་སྙིང་པོའི་སྔགས་ཀྱི་རྣམ་བཤད་སྦས་དོན་གསལ་བ། B3.pdf,downloaded,
D1,Tibetan!B28,ཤེས་རབ་སྙིང་པོ།,https://drive.google.com/file/d/1WI3MAS4L6cr1gw3wS4vVyiXfQP1Kje8C/view,folder-item,R4DC3256Fཤེས་རབ་སྙིང་པོའི་སྔགས་ཀྱི་རྣམ་བཤད་སྦས་དོན་གསལ་བ།.pdf,Heart/D1__M29C34F4A ཤེས་རབ་སྙིང་པོ།/Resources/R4DC3256Fཤེས་རབ་སྙིང་པོའི་སྔགས་ཀྱི་རྣམ་བཤད་སྦས་དོན་གསལ་བ།/OCR/R4DC3256Fཤེས་རབ་སྙིང་པོའི་སྔགས་ཀྱི་རྣམ་བཤད་སྦས་དོན་གསལ་བ།.pdf,downloaded,
D1,Tibetan!B28,ཤེས་རབ་སྙིང་པོ།,https://docs.google.com/document/d/107zqZru_N_EvqLh7UCYIdLJGym3FpZwpQWplvUT3Uq0/edit,folder-item,R4DC3256Fཤེས་རབ་སྙིང་པོའི་སྔགས་ཀྱི་རྣམ་བཤད་སྦས་དོན་གསལ་བ།,Heart/D1__M29C34F4A ཤེས་རབ་སྙིང་པོ།/Resources/R4DC3256Fཤེས་རབ་སྙིང་པོའི་སྔགས་ཀྱི་རྣམ་བཤད་སྦས་དོན་གསལ་བ།/Others/R4DC3256Fཤེས་རབ་སྙིང་པོའི་སྔགས་ཀྱི་རྣམ་བཤད་སྦས་དོན་གསལ་བ།.docx,downloaded,
D1,Tibetan!B28,ཤེས་རབ་སྙིང་པོ།,https://docs.google.com/document/d/17V2SHcQKYiT_YdSWNKIdrdCaYe4x4_2x9tAa1-n63ag/edit,folder-item,R4DC3256Fཤེས་རབ་སྙིང་པོའི་སྔགས་ཀྱི་རྣམ་བཤད་སྦས་དོན་གསལ་བ། B2,Heart/D1__M29C34F4A ཤེས་རབ་སྙིང་པོ།/Resources/R4DC3256Fཤེས་རབ་སྙིང་པོའི་སྔགས་ཀྱི་རྣམ་བཤད་སྦས་དོན་གསལ་བ།/Others/R4DC3256Fཤེས་རབ་སྙིང་པོའི་སྔགས་ཀྱི་རྣམ་བཤད་སྦས་དོན་གསལ་བ། B2.docx,downloaded,
D1,Tibetan!B28,ཤེས་རབ་སྙིང་པོ།,https://docs.google.com/spreadsheets/d/1Gxo86b0WnNmIdeRTCITPFTeKH-2l8oXkJ_bLhnxOuvw/edit,folder-item,R4DC3256Fཤེས་རབ་སྙིང་པོའི་སྔགས་ཀྱི་རྣམ་བཤད་སྦས་དོན་གསལ་བ།,Heart/D1__M29C34F4A ཤེས་རབ་སྙིང་པོ།/Resources/R4DC3256Fཤེས་རབ་སྙིང་པོའི་སྔགས་ཀྱི་རྣམ་བཤད་སྦས་དོན་གསལ་བ།/R4DC3256Fཤེས་རབ་སྙིང་པོའི་སྔགས་ཀྱི་རྣམ་བཤད་སྦས་དོན་གསལ་བ།.xlsx,downloaded,
D1,Tibetan!B28,ཤེས་རབ་སྙིང་པོ།,https://docs.google.com/document/d/1VGoIJ9HyAHIKDtMSPlE0IA1mKM1mu2lNkbsx4qSuaFA/edit,folder-item,R59977832 ཤེར་སྙིང་གི་ཚིག་འགྲེལ། B-2#,Heart/D1__M29C34F4A ཤེས་རབ་སྙིང་པོ།/Resources/R59977832 ཤེར་སྙིང་གི་ཚིག་འགྲེལ།/Cleaned text/R59977832 ཤེར་སྙིང་གི་ཚིག་འགྲེལ། B-2#.docx,downloaded,
D1,Tibetan!B28,ཤེས་རབ་སྙིང་པོ།,https://docs.google.com/document/d/1FJpljj3V4oZtyOMsol1oZTfoiNYNn-MgyyZE0YwQgbI/edit,folder-item,R59977832 ཤེར་སྙིང་གི་ཚིག་འགྲེལ། E-2,Heart/D1__M29C34F4A ཤེས་རབ་སྙིང་པོ།/Resources/R59977832 ཤེར་སྙིང་གི་ཚིག་འགྲེལ།/Cleaned text/R59977832 ཤེར་སྙིང་གི་ཚིག་འགྲེལ། E-2.docx,downloaded,
D1,Tibetan!B28,ཤེས་རབ་སྙིང་པོ།,https://drive.google.com/file/d/1fTF2fIqW810VoMtupfg03ZxSqx7MOy0b/view,folder-item,R59977832 ཤེར་སྙིང་གི་ཚིག་འགྲེལ།-B2.pdf,Heart/D1__M29C34F4A ཤེས་རབ་སྙིང་པོ།/Resources/R59977832 ཤེར་སྙིང་གི་ཚིག་འགྲེལ།/Others/R59977832 ཤེར་སྙིང་གི་ཚིག་འགྲེལ།-B2.pdf,downloaded,
D1,Tibetan!B28,ཤེས་རབ་སྙིང་པོ།,https://docs.google.com/document/d/1vczhHnuwBqvt-QNqCow6YG_Fml69FOV7A586OfvKX9E/edit,folder-item,Common Spell Without Note,Heart/D1__M29C34F4A ཤེས་རབ་སྙིང་པོ།/Resources/R59977832 ཤེར་སྙིང་གི་ཚིག་འགྲེལ།/R59977832 ཤེར་སྙིང་གི་ཚིག་འགྲེལ།- ཡིག་རྐྱང་རྩེ་ཕུད། (Best E-text)/Common Spell Without Note.docx,downloaded,
D1,Tibetan!B28,ཤེས་རབ་སྙིང་པོ།,https://drive.google.com/file/d/1NwmPpSiFO5SsfehDERfaP3Q9A-9v5WZk/view,folder-item,common_spell With Note.docx,,failed,"Uploaded .docx you can view, but it is not shared by link: Drive only serves it to a normal browser download, which cannot be captured into the zip (in-page fetch blocked by CORS). File itself is accessible."
D1,Tibetan!B28,ཤེས་རབ་སྙིང་པོ།,https://docs.google.com/document/d/1kxXlRaXD6xyNwQ7SUGOt4clp2O_FuSrU506Vh1Ub0wM/edit,folder-item,R59977832 ཤེར་སྙིང་གི་ཚིག་འགྲེལ།-Segmentation,Heart/D1__M29C34F4A ཤེས་རབ་སྙིང་པོ།/Resources/R59977832 ཤེར་སྙིང་གི་ཚིག་འགྲེལ།/R59977832 ཤེར་སྙིང་གི་ཚིག་འགྲེལ།- ཡིག་རྐྱང་རྩེ་ཕུད། (Best E-text)/R59977832 ཤེར་སྙིང་གི་ཚིག་འགྲེལ།-Segmentation.docx,downloaded,
D1,Tibetan!B28,ཤེས་རབ་སྙིང་པོ།,https://docs.google.com/spreadsheets/d/1Ou2NlaQodKM3jfA0VRCwVa6zRrxm_KRKNRzgnBgf248/edit,folder-item,R59977832 ཤེར་སྙིང་གི་ཚིག་འགྲེལ།,Heart/D1__M29C34F4A ཤེས་རབ་སྙིང་པོ།/Resources/R59977832 ཤེར་སྙིང་གི་ཚིག་འགྲེལ།/R59977832 ཤེར་སྙིང་གི་ཚིག་འགྲེལ།.xlsx,downloaded,
D1,Tibetan!B28,ཤེས་རབ་སྙིང་པོ།,https://docs.google.com/document/d/15kBwDKZccStvw4xXOdTHfTtmHmMO1j0U6OMsxjFSG7M/edit,folder-item,R64282E1A ཤེར་སྙིང་འགྲེལ་པ་སྔགས་སུ་བཀྲལ་པ།- E2,Heart/D1__M29C34F4A ཤེས་རབ་སྙིང་པོ།/Resources/R64282E1A ཤེར་སྙིང་འགྲེལ་པ་སྔགས་སུ་བཀྲལ་པ།/Cleaned text/R64282E1A ཤེར་སྙིང་འགྲེལ་པ་སྔགས་སུ་བཀྲལ་པ།- E2.docx,downloaded,
D1,Tibetan!B28,ཤེས་རབ་སྙིང་པོ།,https://drive.google.com/file/d/1Dg2Pla4FqKikQJbyzallhdAFDm_2Rx1P/view,folder-item,R64282E1A ཤེར་སྙིང་འགྲེལ་པ་སྔགས་སུ་བཀྲལ་པ།-B2.pdf,Heart/D1__M29C34F4A ཤེས་རབ་སྙིང་པོ།/Resources/R64282E1A ཤེར་སྙིང་འགྲེལ་པ་སྔགས་སུ་བཀྲལ་པ།/OCR/R64282E1A ཤེར་སྙིང་འགྲེལ་པ་སྔགས་སུ་བཀྲལ་པ།-B2.pdf,downloaded,
D1,Tibetan!B28,ཤེས་རབ་སྙིང་པོ།,https://docs.google.com/document/d/1mwN5cb2T7BEjXRRbnITIXPXKUJUbsCOu7L-c-iBHE3o/edit,folder-item,1715838733391-R64282E1A ཤེར་སྙིང་འགྲེལ་པ་སྔགས་སུ་བཀྲལ་པ།-B2,Heart/D1__M29C34F4A ཤེས་རབ་སྙིང་པོ།/Resources/R64282E1A ཤེར་སྙིང་འགྲེལ་པ་སྔགས་སུ་བཀྲལ་པ།/Others/1715838733391-R64282E1A ཤེར་སྙིང་འགྲེལ་པ་སྔགས་སུ་བཀྲལ་པ།-B2.docx,downloaded,
D1,Tibetan!B28,ཤེས་རབ་སྙིང་པོ།,https://docs.google.com/spreadsheets/d/1NGZ1vZRHtB_qQ20BQiNZqu2nl4vKF5KgU0uP0UYGAc4/edit,folder-item,R64282E1A ཤེར་སྙིང་འགྲེལ་པ་སྔགས་སུ་བཀྲལ་པ།,Heart/D1__M29C34F4A ཤེས་རབ་སྙིང་པོ།/Resources/R64282E1A ཤེར་སྙིང་འགྲེལ་པ་སྔགས་སུ་བཀྲལ་པ།/Others/R64282E1A ཤེར་སྙིང་འགྲེལ་པ་སྔགས་སུ་བཀྲལ་པ།.xlsx,downloaded,
D1,Tibetan!B28,ཤེས་རབ་སྙིང་པོ།,https://drive.google.com/file/d/1HHramAQHUY5c8n3b1fy69vStWHzqkTDm/view,folder-item,R64282E1A ཤེར་སྙིང་འགྲེལ་པ་སྔགས་སུ་བཀྲལ་པ།-B6.pdf,Heart/D1__M29C34F4A ཤེས་རབ་སྙིང་པོ།/Resources/R64282E1A ཤེར་སྙིང་འགྲེལ་པ་སྔགས་སུ་བཀྲལ་པ།/Others/R64282E1A ཤེར་སྙིང་འགྲེལ་པ་སྔགས་སུ་བཀྲལ་པ།-B6.pdf,downloaded,
D1,Tibetan!B28,ཤེས་རབ་སྙིང་པོ།,https://docs.google.com/spreadsheets/d/1U6YQfCx4yy-_oZN7-urysF1uOxfHmXNfklFLJasVB78/edit,folder-item,R64282E1A ཤེར་སྙིང་འགྲེལ་པ་སྔགས་སུ་བཀྲལ་པ། Metadata,Heart/D1__M29C34F4A ཤེས་རབ་སྙིང་པོ།/Resources/R64282E1A ཤེར་སྙིང་འགྲེལ་པ་སྔགས་སུ་བཀྲལ་པ།/R64282E1A ཤེར་སྙིང་འགྲེལ་པ་སྔགས་སུ་བཀྲལ་པ། - ཡིག་རྐྱང་རྩེ་ཕུད། (Best E-text)/R64282E1A ཤེར་སྙིང་འགྲེལ་པ་སྔགས་སུ་བཀྲལ་པ། Metadata.xlsx,downloaded,
D1,Tibetan!B28,ཤེས་རབ་སྙིང་པོ།,https://docs.google.com/document/d/1ecXSzZnrvgfYTGEatODQV3CeXQsmzcQ64bgUJ0aL1ts/edit,folder-item,R64282E1A ཤེར་སྙིང་འགྲེལ་པ་སྔགས་སུ་བཀྲལ་པ། - Citation,Heart/D1__M29C34F4A ཤེས་རབ་སྙིང་པོ།/Resources/R64282E1A ཤེར་སྙིང་འགྲེལ་པ་སྔགས་སུ་བཀྲལ་པ།/R64282E1A ཤེར་སྙིང་འགྲེལ་པ་སྔགས་སུ་བཀྲལ་པ། - ཡིག་རྐྱང་རྩེ་ཕུད། (Best E-text)/R64282E1A ཤེར་སྙིང་འགྲེལ་པ་སྔགས་སུ་བཀྲལ་པ། - Citation.docx,downloaded,
D1,Tibetan!B28,ཤེས་རབ་སྙིང་པོ།,https://docs.google.com/document/d/1B5hb7_ZFJJZM6aHMmHo6d9uJYkXdR0mJc7Zp9NERqzc/edit,folder-item,R64282E1A ཤེར་སྙིང་འགྲེལ་པ་སྔགས་སུ་བཀྲལ་པ། - Clean text,Heart/D1__M29C34F4A ཤེས་རབ་སྙིང་པོ།/Resources/R64282E1A ཤེར་སྙིང་འགྲེལ་པ་སྔགས་སུ་བཀྲལ་པ།/R64282E1A ཤེར་སྙིང་འགྲེལ་པ་སྔགས་སུ་བཀྲལ་པ། - ཡིག་རྐྱང་རྩེ་ཕུད། (Best E-text)/R64282E1A ཤེར་སྙིང་འགྲེལ་པ་སྔགས་སུ་བཀྲལ་པ། - Clean text.docx,downloaded,
D1,Tibetan!B28,ཤེས་རབ་སྙིང་པོ།,https://docs.google.com/document/d/1jdU0BG-C3BSJqEOnh8OHd5EgdXhxRe6ncyNE5Tr_874/edit,folder-item,R64282E1A ཤེར་སྙིང་འགྲེལ་པ་སྔགས་སུ་བཀྲལ་པ། - Sentence - Segm,Heart/D1__M29C34F4A ཤེས་རབ་སྙིང་པོ།/Resources/R64282E1A ཤེར་སྙིང་འགྲེལ་པ་སྔགས་སུ་བཀྲལ་པ།/R64282E1A ཤེར་སྙིང་འགྲེལ་པ་སྔགས་སུ་བཀྲལ་པ། - ཡིག་རྐྱང་རྩེ་ཕུད། (Best E-text)/R64282E1A ཤེར་སྙིང་འགྲེལ་པ་སྔགས་སུ་བཀྲལ་པ། - Sentence - Segm.docx,downloaded,
D1,Tibetan!B28,ཤེས་རབ་སྙིང་པོ།,https://docs.google.com/document/d/13A442uVFB-JbN12nMfn0oI4cftWuMG_JpH-exvFyBmU/edit,folder-item,R64282E1A ཤེར་སྙིང་འགྲེལ་པ་སྔགས་སུ་བཀྲལ་པ། - TOC,Heart/D1__M29C34F4A ཤེས་རབ་སྙིང་པོ།/Resources/R64282E1A ཤེར་སྙིང་འགྲེལ་པ་སྔགས་སུ་བཀྲལ་པ།/R64282E1A ཤེར་སྙིང་འགྲེལ་པ་སྔགས་སུ་བཀྲལ་པ། - ཡིག་རྐྱང་རྩེ་ཕུད། (Best E-text)/R64282E1A ཤེར་སྙིང་འགྲེལ་པ་སྔགས་སུ་བཀྲལ་པ། - TOC.docx,downloaded,
D1,Tibetan!B28,ཤེས་རབ་སྙིང་པོ།,https://docs.google.com/document/d/1QplVyfZEmTLIcahbKS1d43OOX2lHIVpR58F6uxjpR5w/edit,folder-item,R64282E1A ཤེར་སྙིང་འགྲེལ་པ་སྔགས་སུ་བཀྲལ་པ། - Tsadel,Heart/D1__M29C34F4A ཤེས་རབ་སྙིང་པོ།/Resources/R64282E1A ཤེར་སྙིང་འགྲེལ་པ་སྔགས་སུ་བཀྲལ་པ།/R64282E1A ཤེར་སྙིང་འགྲེལ་པ་སྔགས་སུ་བཀྲལ་པ། - ཡིག་རྐྱང་རྩེ་ཕུད། (Best E-text)/R64282E1A ཤེར་སྙིང་འགྲེལ་པ་སྔགས་སུ་བཀྲལ་པ། - Tsadel.docx,downloaded,
D1,Tibetan!B28,ཤེས་རབ་སྙིང་པོ།,https://docs.google.com/document/d/1YGO1mK1hZ6FPf5X6YAe6N57QtZKK6p0T9fuHzSg4sM4/edit,folder-item,R64282E1A ཤེས་རབ་སྙིང་པོ། - Root Text Tsadel,Heart/D1__M29C34F4A ཤེས་རབ་སྙིང་པོ།/Resources/R64282E1A ཤེར་སྙིང་འགྲེལ་པ་སྔགས་སུ་བཀྲལ་པ།/R64282E1A ཤེར་སྙིང་འགྲེལ་པ་སྔགས་སུ་བཀྲལ་པ། - ཡིག་རྐྱང་རྩེ་ཕུད། (Best E-text)/R64282E1A ཤེས་རབ་སྙིང་པོ། - Root Text Tsadel.docx,downloaded,
D1,Tibetan!B28,ཤེས་རབ་སྙིང་པོ།,https://drive.google.com/file/d/1X3T8sNXJAMJCQ7TNaH6zxnj3nsyrve3B/view,folder-item,R66066983 ཤེས་རབ་སྙིང་པོའི་ཏྲི་ཀ -B2.pdf,Heart/D1__M29C34F4A ཤེས་རབ་སྙིང་པོ།/Resources/R66066983 ཤེས་རབ་སྙིང་པོའི་ཏྲི་ཀ/OCR/R66066983 ཤེས་རབ་སྙིང་པོའི་ཏྲི་ཀ -B2.pdf,downloaded,
D1,Tibetan!B28,ཤེས་རབ་སྙིང་པོ།,https://docs.google.com/document/d/1ko2MVR1xKZSDCgfOsLYYkugm6QwxMj32WYgm2iBlCjA/edit,folder-item,R66066983 ཤེས་རབ་སྙིང་པོའི་ཏྲི་ཀ -B2-Without Note,Heart/D1__M29C34F4A ཤེས་རབ་སྙིང་པོ།/Resources/R66066983 ཤེས་རབ་སྙིང་པོའི་ཏྲི་ཀ/R66066983 ཤེས་རབ་སྙིང་པོའི་ཏྲི་ཀ-Best E-Text/R66066983 ཤེས་རབ་སྙིང་པོའི་ཏྲི་ཀ -B2-Without Note.docx,downloaded,
D1,Tibetan!B28,ཤེས་རབ་སྙིང་པོ།,https://docs.google.com/document/d/1Umeo9BaRrvrZQfvgftBznTrOzCbgmE1y_idMFDtKp-Y/edit,folder-item,R66066983 ཤེས་རབ་སྙིང་པོའི་ཏྲི་ཀ -Segmentation,Heart/D1__M29C34F4A ཤེས་རབ་སྙིང་པོ།/Resources/R66066983 ཤེས་རབ་སྙིང་པོའི་ཏྲི་ཀ/R66066983 ཤེས་རབ་སྙིང་པོའི་ཏྲི་ཀ-Best E-Text/R66066983 ཤེས་རབ་སྙིང་པོའི་ཏྲི་ཀ -Segmentation.docx,downloaded,
D1,Tibetan!B28,ཤེས་རབ་སྙིང་པོ།,https://docs.google.com/spreadsheets/d/1mCnwEB73wsPuYp5z8Gqk8AjvlbYKkQNCTFLs70mM9Ag/edit,folder-item,R66066983 ཤེས་རབ་སྙིང་པོའི་ཏྲི་ཀ,Heart/D1__M29C34F4A ཤེས་རབ་སྙིང་པོ།/Resources/R66066983 ཤེས་རབ་སྙིང་པོའི་ཏྲི་ཀ/R66066983 ཤེས་རབ་སྙིང་པོའི་ཏྲི་ཀ.xlsx,downloaded,
D1,Tibetan!B28,ཤེས་རབ་སྙིང་པོ།,https://drive.google.com/file/d/1wAoF11ttyEHQ_Q2Ep8wMGVLRhbW97Y1M/view,folder-item,R6AB777BA ཤེར་སྙིང་གི་འགྲེལ་པ།-B3.pdf,Heart/D1__M29C34F4A ཤེས་རབ་སྙིང་པོ།/Resources/R6AB777BA ཤེར་སྙིང་གི་འགྲེལ་པ།/Others/R6AB777BA ཤེར་སྙིང་གི་འགྲེལ་པ།-B3.pdf,downloaded,
D1,Tibetan!B28,ཤེས་རབ་སྙིང་པོ།,https://docs.google.com/document/d/1aCN8Ak1eGUP-yvGoaqtoZbDHd87zcvCofA6RBAH7ZAk/edit,folder-item,R6AB777BA ཤེར་སྙིང་གི་འགྲེལ་པ། - Segmentation,Heart/D1__M29C34F4A ཤེས་རབ་སྙིང་པོ།/Resources/R6AB777BA ཤེར་སྙིང་གི་འགྲེལ་པ།/R6AB777BA ཤེར་སྙིང་གི་འགྲེལ་པ། - ཡིག་རྐྱང་རྩེ་ཕུད། (Best E-text)/R6AB777BA ཤེར་སྙིང་གི་འགྲེལ་པ། - Segmentation.docx,downloaded,
D1,Tibetan!B28,ཤེས་རབ་སྙིང་པོ།,https://docs.google.com/document/d/1U1QRqdpxAA7ECD-cY6VncX-xLJNtVTv9i91gzGQBoKk/edit,folder-item,R6AB777BA ཤེར་སྙིང་གི་འགྲེལ་པ། B-3,Heart/D1__M29C34F4A ཤེས་རབ་སྙིང་པོ།/Resources/R6AB777BA ཤེར་སྙིང་གི་འགྲེལ་པ།/R6AB777BA ཤེར་སྙིང་གི་འགྲེལ་པ། - ཡིག་རྐྱང་རྩེ་ཕུད། (Best E-text)/R6AB777BA ཤེར་སྙིང་གི་འགྲེལ་པ། B-3.docx,downloaded,
D1,Tibetan!B28,ཤེས་རབ་སྙིང་པོ།,https://docs.google.com/spreadsheets/d/10OLzaJa6pCy88CmyWPvkJQeX7U2KgW8kq--umiJN3es/edit,folder-item,R6AB777BA ཤེར་སྙིང་གི་འགྲེལ་པ།,Heart/D1__M29C34F4A ཤེས་རབ་སྙིང་པོ།/Resources/R6AB777BA ཤེར་སྙིང་གི་འགྲེལ་པ།/R6AB777BA ཤེར་སྙིང་གི་འགྲེལ་པ།.xlsx,downloaded,
D1,Tibetan!B28,ཤེས་རབ་སྙིང་པོ།,https://docs.google.com/document/d/1rFTw4cqBure23iVPd9oFKa4zeydZPKimdQxFYE_L9O8/edit,folder-item,R6E8386C0 ཤེས་རབ་སྙིང་པོའི་འགྲེལ་པ་སྔོན་མེད་ལེགས་བཤད་ཀྱི་པར་བྱང་སྨོན་ཚིག,Heart/D1__M29C34F4A ཤེས་རབ་སྙིང་པོ།/Resources/R6E8386C0 ཤེས་རབ་སྙིང་པོའི་འགྲེལ་པ་སྔོན་མེད་ལེགས་བཤད་ཀྱི་པར་བྱང་སྨོན་ཚིག/OCR/R6E8386C0 ཤེས་རབ་སྙིང་པོའི་འགྲེལ་པ་སྔོན་མེད་ལེགས་བཤད་ཀྱི་པར་བྱང་སྨོན་ཚིག.docx,downloaded,
D1,Tibetan!B28,ཤེས་རབ་སྙིང་པོ།,https://drive.google.com/file/d/1CQ8UtdrTDDjfrNyejWtiYQKYek7egPHs/view,folder-item,R6E8386C0 ཤེས་རབ་སྙིང་པོའི་འགྲེལ་པ་སྔོན་མེད་ལེགས་བཤད་ཀྱི་པར་བྱང་སྨོན་ཚིག.pdf,Heart/D1__M29C34F4A ཤེས་རབ་སྙིང་པོ།/Resources/R6E8386C0 ཤེས་རབ་སྙིང་པོའི་འགྲེལ་པ་སྔོན་མེད་ལེགས་བཤད་ཀྱི་པར་བྱང་སྨོན་ཚིག/OCR/R6E8386C0 ཤེས་རབ་སྙིང་པོའི་འགྲེལ་པ་སྔོན་མེད་ལེགས་བཤད་ཀྱི་པར་བྱང་སྨོན་ཚིག.pdf,downloaded,
D1,Tibetan!B28,ཤེས་རབ་སྙིང་པོ།,https://docs.google.com/document/d/1SNSvtOv1pZHD4kJP7Du4EASIcJV6muSoFn3yBDCTsQw/edit,folder-item,R6E8386C0 ཤེས་རབ་སྙིང་པོའི་འགྲེལ་པ་སྔོན་མེད་ལེགས་བཤད་ཀྱི་པར་བྱང་སྨོན་ཚིག B-2,Heart/D1__M29C34F4A ཤེས་རབ་སྙིང་པོ།/Resources/R6E8386C0 ཤེས་རབ་སྙིང་པོའི་འགྲེལ་པ་སྔོན་མེད་ལེགས་བཤད་ཀྱི་པར་བྱང་སྨོན་ཚིག/R6E8386C0 ཤེས་རབ་སྙིང་པོའི་འགྲེལ་པ་སྔོན་མེད་ལེགས་བཤད་ཀྱི་པར་བྱང་སྨོན་ཚིག-(Best-E-Text)/R6E8386C0 ཤེས་རབ་སྙིང་པོའི་འགྲེལ་པ་སྔོན་མེད་ལེགས་བཤད་ཀྱི་པར་བྱང་སྨོན་ཚིག B-2.docx,downloaded,
D1,Tibetan!B28,ཤེས་རབ་སྙིང་པོ།,https://docs.google.com/document/d/1ZAiY0MM_32Y5y_QN-FXeGqPyaEcb6uD1gcgoHIMHyXg/edit,folder-item,R6E8386C0 ཤེས་རབ་སྙིང་པོའི་འགྲེལ་པ་སྔོན་མེད་ལེགས་བཤད་ཀྱི་པར་བྱང་སྨོན་ཚིག-Segmentation,Heart/D1__M29C34F4A ཤེས་རབ་སྙིང་པོ།/Resources/R6E8386C0 ཤེས་རབ་སྙིང་པོའི་འགྲེལ་པ་སྔོན་མེད་ལེགས་བཤད་ཀྱི་པར་བྱང་སྨོན་ཚིག/R6E8386C0 ཤེས་རབ་སྙིང་པོའི་འགྲེལ་པ་སྔོན་མེད་ལེགས་བཤད་ཀྱི་པར་བྱང་སྨོན་ཚིག-(Best-E-Text)/R6E8386C0 ཤེས་རབ་སྙིང་པོའི་འགྲེལ་པ་སྔོན་མེད་ལེགས་བཤད་ཀྱི་པར་བྱང་སྨོན་ཚིག-Segmentation.docx,downloaded,
D1,Tibetan!B28,ཤེས་རབ་སྙིང་པོ།,https://docs.google.com/spreadsheets/d/1txp11-bUDxVd-x_b7IlVvkB9NnvmwSrUmJdXzvaeL0M/edit,folder-item,R6E8386C0 ཤེས་རབ་སྙིང་པོའི་འགྲེལ་པ་སྔོན་མེད་ལེགས་བཤད་ཀྱི་པར་བྱང་སྨོན་ཚིག,Heart/D1__M29C34F4A ཤེས་རབ་སྙིང་པོ།/Resources/R6E8386C0 ཤེས་རབ་སྙིང་པོའི་འགྲེལ་པ་སྔོན་མེད་ལེགས་བཤད་ཀྱི་པར་བྱང་སྨོན་ཚིག/R6E8386C0 ཤེས་རབ་སྙིང་པོའི་འགྲེལ་པ་སྔོན་མེད་ལེགས་བཤད་ཀྱི་པར་བྱང་སྨོན་ཚིག.xlsx,downloaded,
D1,Tibetan!B28,ཤེས་རབ་སྙིང་པོ།,https://docs.google.com/document/d/1AYwV0IvzYyehnJuJsv9P5BJ1YwkQLoIQV6sURKIEVFI/edit,folder-item,R706382F3ཤེས་རབ་སྙིང་པོའི་རྣམ་བཤད་ཉིན་བྱེད་དབང་པོ།,Heart/D1__M29C34F4A ཤེས་རབ་སྙིང་པོ།/Resources/R706382F3 ཤེས་རབ་སྙིང་པོའི་རྣམ་བཤད་ཉིན་བྱེད་དབང་པོ།/Cleaned text/R706382F3ཤེས་རབ་སྙིང་པོའི་རྣམ་བཤད་ཉིན་བྱེད་དབང་པོ།.docx,downloaded,
D1,Tibetan!B28,ཤེས་རབ་སྙིང་པོ།,https://drive.google.com/file/d/1lZLHyE9TlfGsPW8m9d3AsmvPO76yfvTG/view,folder-item,R706382F3ཤེས་རབ་སྙིང་པོའི་རྣམ་བཤད་ཉིན་བྱེད་དབང་པོ། .pdf,Heart/D1__M29C34F4A ཤེས་རབ་སྙིང་པོ།/Resources/R706382F3 ཤེས་རབ་སྙིང་པོའི་རྣམ་བཤད་ཉིན་བྱེད་དབང་པོ།/OCR/R706382F3ཤེས་རབ་སྙིང་པོའི་རྣམ་བཤད་ཉིན་བྱེད་དབང་པོ། .pdf,downloaded,
D1,Tibetan!B28,ཤེས་རབ་སྙིང་པོ།,https://docs.google.com/spreadsheets/d/1yKQXGnVawJTGaVtaHlGvVRtnaXxbfhywOAXuTbvk7_Y/edit,folder-item,R706382F3ཤེས་རབ་སྙིང་པོའི་རྣམ་བཤད་ཉིན་བྱེད་དབང་པོ།,Heart/D1__M29C34F4A ཤེས་རབ་སྙིང་པོ།/Resources/R706382F3 ཤེས་རབ་སྙིང་པོའི་རྣམ་བཤད་ཉིན་བྱེད་དབང་པོ།/R706382F3ཤེས་རབ་སྙིང་པོའི་རྣམ་བཤད་ཉིན་བྱེད་དབང་པོ།.xlsx,downloaded,
D1,Tibetan!B28,ཤེས་རབ་སྙིང་པོ།,https://docs.google.com/document/d/12t0xeTDmg2_-U0vp6JFyxYPq3KkTUHycm78OrL1dbwA/edit,folder-item,R73677AF7 ཤེར་རབ་སྙིང་པོའི་རྣམ་བཤད་ཟབ་མོའི་དེ་ཁོ་ན་ཉིད་གསལ་བར་བྱེད་པའི་ཉི་མ། B-3,Heart/D1__M29C34F4A ཤེས་རབ་སྙིང་པོ།/Resources/R73677AF7 ཤེར་རབ་སྙིང་པོའི་རྣམ་བཤད་ཟབ་མོའི་དེ་ཁོ་ན་ཉིད་གསལ་བར་བྱེད་པའི་ཉི་མ།/Clean text/R73677AF7 ཤེར་རབ་སྙིང་པོའི་རྣམ་བཤད་ཟབ་མོའི་དེ་ཁོ་ན་ཉིད་གསལ་བར་བྱེད་པའི་ཉི་མ། B-3.docx,downloaded,
D1,Tibetan!B28,ཤེས་རབ་སྙིང་པོ།,https://docs.google.com/document/d/1nayqpowDZ6CYV-ZT3l7WokGsq2xEzyQETOZFagsawZc/edit,folder-item,R73677AF7 ཤེར་རབ་སྙིང་པོའི་རྣམ་བཤད་ཟབ་མོའི་དེ་ཁོ་ན་ཉིད་གསལ་བར་བྱེད་པའི་ཉི་མ།-B2 #,Heart/D1__M29C34F4A ཤེས་རབ་སྙིང་པོ།/Resources/R73677AF7 ཤེར་རབ་སྙིང་པོའི་རྣམ་བཤད་ཟབ་མོའི་དེ་ཁོ་ན་ཉིད་གསལ་བར་བྱེད་པའི་ཉི་མ།/Clean text/R73677AF7 ཤེར་རབ་སྙིང་པོའི་རྣམ་བཤད་ཟབ་མོའི་དེ་ཁོ་ན་ཉིད་གསལ་བར་བྱེད་པའི་ཉི་མ།-B2 #.docx,downloaded,
D1,Tibetan!B28,ཤེས་རབ་སྙིང་པོ།,https://docs.google.com/document/d/1J46sGkhjvjxYpNc6JRbSllPhGxW_eZgKK5MuLqVlHOw/edit,folder-item,ཤེས་རབ་སྙིང་པོའི་རྣམ་བཤད་ཟབ་མོའི་དེ་ཁོ་ན་ཉིད་གསལ་བར་བྱེད་པའི་ཉི་མ་ཞེས་བྱ་བ་བཞུགས་སོ། ། E-2,Heart/D1__M29C34F4A ཤེས་རབ་སྙིང་པོ།/Resources/R73677AF7 ཤེར་རབ་སྙིང་པོའི་རྣམ་བཤད་ཟབ་མོའི་དེ་ཁོ་ན་ཉིད་གསལ་བར་བྱེད་པའི་ཉི་མ།/Clean text/ཤེས་རབ་སྙིང་པོའི་རྣམ་བཤད་ཟབ་མོའི་དེ་ཁོ་ན་ཉིད་གསལ་བར་བྱེད་པའི་ཉི་མ་ཞེས་བྱ་བ་བཞུགས་སོ། ། E-2.docx,downloaded,
D1,Tibetan!B28,ཤེས་རབ་སྙིང་པོ།,https://drive.google.com/file/d/15WegskdOSVRf_WGGAmGDeOnUOksgCWn_/view,folder-item,R73677AF7 ཤེར་རབ་སྙིང་པོའི་རྣམ་བཤད་ཟབ་མོའི་དེ་ཁོ་ན་ཉིད་གསལ་བར་བྱེད་པའི་ཉི་མ།-B2.pdf,Heart/D1__M29C34F4A ཤེས་རབ་སྙིང་པོ།/Resources/R73677AF7 ཤེར་རབ་སྙིང་པོའི་རྣམ་བཤད་ཟབ་མོའི་དེ་ཁོ་ན་ཉིད་གསལ་བར་བྱེད་པའི་ཉི་མ།/OCR/R73677AF7 ཤེར་རབ་སྙིང་པོའི་རྣམ་བཤད་ཟབ་མོའི་དེ་ཁོ་ན་ཉིད་གསལ་བར་བྱེད་པའི་ཉི་མ།-B2.pdf,downloaded,
D1,Tibetan!B28,ཤེས་རབ་སྙིང་པོ།,https://docs.google.com/document/d/1J_4cB0at_y3AEX6GLqZncs8NHb0KC72p2D6TBBBNtZs/edit,folder-item,Common Spell Without Note,Heart/D1__M29C34F4A ཤེས་རབ་སྙིང་པོ།/Resources/R73677AF7 ཤེར་རབ་སྙིང་པོའི་རྣམ་བཤད་ཟབ་མོའི་དེ་ཁོ་ན་ཉིད་གསལ་བར་བྱེད་པའི་ཉི་མ།/R73677AF7 ཤེར་རབ་སྙིང་པོའི་རྣམ་བཤད་ཟབ་མོའི་དེ་ཁོ་ན་ཉིད་གསལ་བར་བྱེད་པའི་ཉི་མ།- ཡིག་རྐྱང་རྩེ་ཕུད། (Best E-Text)/Common Spell Without Note.docx,downloaded,
D1,Tibetan!B28,ཤེས་རབ་སྙིང་པོ།,https://drive.google.com/file/d/11_lA5xirVzlY-T-Db-AOY2Kzc-wb0ZYK/view,folder-item,common_spell With Note.docx,,failed,"Uploaded .docx you can view, but it is not shared by link: Drive only serves it to a normal browser download, which cannot be captured into the zip (in-page fetch blocked by CORS). File itself is accessible."
D1,Tibetan!B28,ཤེས་རབ་སྙིང་པོ།,https://docs.google.com/document/d/1WDnPgvs4fel18sNW6gfWto9EFzkwztrkOyh98DQYR-M/edit,folder-item,R73677AF7 ཤེར་རབ་སྙིང་པོའི་རྣམ་བཤད་ཟབ་མོའི་དེ་ཁོ་ན་ཉིད་གསལ་བར་བྱེད་པའི་ཉི་མ།-Segmentation,Heart/D1__M29C34F4A ཤེས་རབ་སྙིང་པོ།/Resources/R73677AF7 ཤེར་རབ་སྙིང་པོའི་རྣམ་བཤད་ཟབ་མོའི་དེ་ཁོ་ན་ཉིད་གསལ་བར་བྱེད་པའི་ཉི་མ།/R73677AF7 ཤེར་རབ་སྙིང་པོའི་རྣམ་བཤད་ཟབ་མོའི་དེ་ཁོ་ན་ཉིད་གསལ་བར་བྱེད་པའི་ཉི་མ།- ཡིག་རྐྱང་རྩེ་ཕུད། (Best E-Text)/R73677AF7 ཤེར་རབ་སྙིང་པོའི་རྣམ་བཤད་ཟབ་མོའི་དེ་ཁོ་ན་ཉིད་གསལ་བར་བྱེད་པའི་ཉི་མ།-Segmentation.docx,downloaded,
D1,Tibetan!B28,ཤེས་རབ་སྙིང་པོ།,https://docs.google.com/spreadsheets/d/1KOdX8CyW-H8VdDzw0KQbCTqqknTxJVqFMe46cMsbRho/edit,folder-item,R73677AF7 ཤེར་རབ་སྙིང་པོའི་རྣམ་བཤད་ཟབ་མོའི་དེ་ཁོ་ན་ཉིད་གསལ་བར་བྱེད་པའི་ཉི་མ།,Heart/D1__M29C34F4A ཤེས་རབ་སྙིང་པོ།/Resources/R73677AF7 ཤེར་རབ་སྙིང་པོའི་རྣམ་བཤད་ཟབ་མོའི་དེ་ཁོ་ན་ཉིད་གསལ་བར་བྱེད་པའི་ཉི་མ།/R73677AF7 ཤེར་རབ་སྙིང་པོའི་རྣམ་བཤད་ཟབ་མོའི་དེ་ཁོ་ན་ཉིད་གསལ་བར་བྱེད་པའི་ཉི་མ།.xlsx,downloaded,
D1,Tibetan!B28,ཤེས་རབ་སྙིང་པོ།,https://docs.google.com/document/d/10SNdFaRTCzwHj6ZEfPZGomLJbCqgY0-r6nWr4oBhhX4/edit,folder-item,R77290726 བཀའ་འཁོར་ལོ་བར་པའི་ཡང་བཅུད་ཤེས་རབ་སྙིང་པོའི་མདོ་ལ་བརྟེན་པའི་བདུད་ཟློག་བར་ཆད་ཀུན་སེལ་ལག་ལེན། B-2#,Heart/D1__M29C34F4A ཤེས་རབ་སྙིང་པོ།/Resources/R77290726 བཀའ་འཁོར་ལོ་བར་པའི་ཡང་བཅུད་ཤེས་རབ་སྙིང་པོའི་མདོ་ལ་བརྟེན་པའི་བདུད་ཟློག་བར་ཆད་ཀུན་སེལ་ལག་ལེན།/Cleaned text/R77290726 བཀའ་འཁོར་ལོ་བར་པའི་ཡང་བཅུད་ཤེས་རབ་སྙིང་པོའི་མདོ་ལ་བརྟེན་པའི་བདུད་ཟློག་བར་ཆད་ཀུན་སེལ་ལག་ལེན། B-2#.docx,downloaded,
D1,Tibetan!B28,ཤེས་རབ་སྙིང་པོ།,https://docs.google.com/document/d/1kMC4LdfAQFhLUoAsmgmaw0d3t2f-cgcAoq6vGMlJHl4/edit,folder-item,R77290726 བཀའ་འཁོར་ལོ་བར་པའི་ཡང་བཅུད་ཤེས་རབ་སྙིང་པོའི་མདོ་ལ་བརྟེན་པའི་བདུད་ཟློག་བར་ཆད་ཀུན་སེལ་ལག་ལེན། B-3,Heart/D1__M29C34F4A ཤེས་རབ་སྙིང་པོ།/Resources/R77290726 བཀའ་འཁོར་ལོ་བར་པའི་ཡང་བཅུད་ཤེས་རབ་སྙིང་པོའི་མདོ་ལ་བརྟེན་པའི་བདུད་ཟློག་བར་ཆད་ཀུན་སེལ་ལག་ལེན།/Cleaned text/R77290726 བཀའ་འཁོར་ལོ་བར་པའི་ཡང་བཅུད་ཤེས་རབ་སྙིང་པོའི་མདོ་ལ་བརྟེན་པའི་བདུད་ཟློག་བར་ཆད་ཀུན་སེལ་ལག་ལེན། B-3.docx,downloaded,
D1,Tibetan!B28,ཤེས་རབ་སྙིང་པོ།,https://docs.google.com/document/d/1ozGuzfsEV-oX57GdfmhIhoP2jP9wBmfefuaFU0w8cHY/edit,folder-item,R77290726 བཀའ་འཁོར་ལོ་བར་པའི་ཡང་བཅུད་ཤེས་རབ་སྙིང་པོའི་མདོ་ལ་བརྟེན་པའི་བདུད་ཟློག་བར་ཆད་ཀུན་སེལ་ལག་ལེན། B-4,Heart/D1__M29C34F4A ཤེས་རབ་སྙིང་པོ།/Resources/R77290726 བཀའ་འཁོར་ལོ་བར་པའི་ཡང་བཅུད་ཤེས་རབ་སྙིང་པོའི་མདོ་ལ་བརྟེན་པའི་བདུད་ཟློག་བར་ཆད་ཀུན་སེལ་ལག་ལེན།/Cleaned text/R77290726 བཀའ་འཁོར་ལོ་བར་པའི་ཡང་བཅུད་ཤེས་རབ་སྙིང་པོའི་མདོ་ལ་བརྟེན་པའི་བདུད་ཟློག་བར་ཆད་ཀུན་སེལ་ལག་ལེན། B-4.docx,downloaded,
D1,Tibetan!B28,ཤེས་རབ་སྙིང་པོ།,https://docs.google.com/document/d/1cg5Yxp0kxTo3-i47XEpcId4I_RXumBwjU8kWfOwBAgg/edit,folder-item,R77290726 བཀའ་འཁོར་ལོ་བར་པའི་ཡང་བཅུད་ཤེས་རབ་སྙིང་པོའི་མདོ་ལ་བརྟེན་པའི་བདུད་ཟློག་བར་ཆད་ཀུན་སེལ་ལག་ལེན། B-5,Heart/D1__M29C34F4A ཤེས་རབ་སྙིང་པོ།/Resources/R77290726 བཀའ་འཁོར་ལོ་བར་པའི་ཡང་བཅུད་ཤེས་རབ་སྙིང་པོའི་མདོ་ལ་བརྟེན་པའི་བདུད་ཟློག་བར་ཆད་ཀུན་སེལ་ལག་ལེན།/Cleaned text/R77290726 བཀའ་འཁོར་ལོ་བར་པའི་ཡང་བཅུད་ཤེས་རབ་སྙིང་པོའི་མདོ་ལ་བརྟེན་པའི་བདུད་ཟློག་བར་ཆད་ཀུན་སེལ་ལག་ལེན། B-5.docx,downloaded,
D1,Tibetan!B28,ཤེས་རབ་སྙིང་པོ།,https://docs.google.com/document/d/1og0b6ZMr3uJoorzAla4f20r-8i-0ohk006Yb1cf3AtY/edit,folder-item,R77290726 བཀའ་འཁོར་ལོ་བར་པའི་ཡང་བཅུད་ཤེས་རབ་སྙིང་པོའི་མདོ་ལ་བརྟེན་པའི་བདུད་ཟློག་བར་ཆད་ཀུན་སེལ་ལག་ལེན། B-6,Heart/D1__M29C34F4A ཤེས་རབ་སྙིང་པོ།/Resources/R77290726 བཀའ་འཁོར་ལོ་བར་པའི་ཡང་བཅུད་ཤེས་རབ་སྙིང་པོའི་མདོ་ལ་བརྟེན་པའི་བདུད་ཟློག་བར་ཆད་ཀུན་སེལ་ལག་ལེན།/Cleaned text/R77290726 བཀའ་འཁོར་ལོ་བར་པའི་ཡང་བཅུད་ཤེས་རབ་སྙིང་པོའི་མདོ་ལ་བརྟེན་པའི་བདུད་ཟློག་བར་ཆད་ཀུན་སེལ་ལག་ལེན། B-6.docx,downloaded,
D1,Tibetan!B28,ཤེས་རབ་སྙིང་པོ།,https://docs.google.com/document/d/1SQss3alKLlUNQUHAsSWgUNo9OT0A9bHiL9no6QPwZS4/edit,folder-item,Common Spell Without Note,Heart/D1__M29C34F4A ཤེས་རབ་སྙིང་པོ།/Resources/R77290726 བཀའ་འཁོར་ལོ་བར་པའི་ཡང་བཅུད་ཤེས་རབ་སྙིང་པོའི་མདོ་ལ་བརྟེན་པའི་བདུད་ཟློག་བར་ཆད་ཀུན་སེལ་ལག་ལེན།/R77290726 བཀའ་འཁོར་ལོ་བར་པའི་ཡང་བཅུད་ཤེས་རབ་སྙིང་པོའི་མདོ་ལ་བརྟེན་པའི་བདུད་ཟློག་བར་ཆད་ཀུན་སེལ་ལག་ལེན།- ཡིག་རྐྱང་རྩེ་ཕུད། (Best E-text)/Common Spell Without Note.docx,downloaded,
D1,Tibetan!B28,ཤེས་རབ་སྙིང་པོ།,https://drive.google.com/file/d/1L31yg_oKairGrEsXCWhbx1F_rWboKQdw/view,folder-item,common_spell with note.docx,,failed,"Uploaded .docx you can view, but it is not shared by link: Drive only serves it to a normal browser download, which cannot be captured into the zip (in-page fetch blocked by CORS). File itself is accessible."
D1,Tibetan!B28,ཤེས་རབ་སྙིང་པོ།,https://docs.google.com/document/d/1wv3AXzhO2gW9zSvEuH5-qmmU2IJeLEXcHjzWI7wRW18/edit,folder-item,R77290726 བཀའ་འཁོར་ལོ་བར་པའི་ཡང་བཅུད་ཤེས་རབ་སྙིང་པོའི་མདོ་ལ་བརྟེན་པའི་བདུད་ཟློག་བར་ཆད་ཀུན་སེལ་ལག་ལེན།-Segmentation,Heart/D1__M29C34F4A ཤེས་རབ་སྙིང་པོ།/Resources/R77290726 བཀའ་འཁོར་ལོ་བར་པའི་ཡང་བཅུད་ཤེས་རབ་སྙིང་པོའི་མདོ་ལ་བརྟེན་པའི་བདུད་ཟློག་བར་ཆད་ཀུན་སེལ་ལག་ལེན།/R77290726 བཀའ་འཁོར་ལོ་བར་པའི་ཡང་བཅུད་ཤེས་རབ་སྙིང་པོའི་མདོ་ལ་བརྟེན་པའི་བདུད་ཟློག་བར་ཆད་ཀུན་སེལ་ལག་ལེན།- ཡིག་རྐྱང་རྩེ་ཕུད། (Best E-text)/R77290726 བཀའ་འཁོར་ལོ་བར་པའི་ཡང་བཅུད་ཤེས་རབ་སྙིང་པོའི་མདོ་ལ་བརྟེན་པའི་བདུད་ཟློག་བར་ཆད་ཀུན་སེལ་ལག་ལེན།-Segmentation.docx,downloaded,
D1,Tibetan!B28,ཤེས་རབ་སྙིང་པོ།,https://docs.google.com/spreadsheets/d/1gyeBOSH9yHSY9NgkH30DmI8IQNvXqWwubJRbGrhxD3g/edit,folder-item,R77290726 བཀའ་འཁོར་ལོ་བར་པའི་ཡང་བཅུད་ཤེས་རབ་སྙིང་པོའི་མདོ་ལ་བརྟེན་པའི་བདུད་ཟློག་བར་ཆད་ཀུན་སེལ་ལག་ལེན།,Heart/D1__M29C34F4A ཤེས་རབ་སྙིང་པོ།/Resources/R77290726 བཀའ་འཁོར་ལོ་བར་པའི་ཡང་བཅུད་ཤེས་རབ་སྙིང་པོའི་མདོ་ལ་བརྟེན་པའི་བདུད་ཟློག་བར་ཆད་ཀུན་སེལ་ལག་ལེན།/R77290726 བཀའ་འཁོར་ལོ་བར་པའི་ཡང་བཅུད་ཤེས་རབ་སྙིང་པོའི་མདོ་ལ་བརྟེན་པའི་བདུད་ཟློག་བར་ཆད་ཀུན་སེལ་ལག་ལེན།.xlsx,downloaded,
D1,Tibetan!B28,ཤེས་རབ་སྙིང་པོ།,https://docs.google.com/document/d/1AaovaPeeb4VVdchCj58JG2haBbEpTMV3x__OFgfvk9o/edit,folder-item,R799C7389 ཤེས་རབ་སྙིང་པོའི་སྐོར་དང་དེའི་བཀའ་ཁྲིད། E-2,Heart/D1__M29C34F4A ཤེས་རབ་སྙིང་པོ།/Resources/R799C7389 ཤེས་རབ་སྙིང་པོའི་སྐོར་དང་དེའི་བཀའ་ཁྲིད།/R799C7389 ཤེས་རབ་སྙིང་པོའི་སྐོར་དང་དེའི་བཀའ་ཁྲིད།-(Best E-Text)/R799C7389 ཤེས་རབ་སྙིང་པོའི་སྐོར་དང་དེའི་བཀའ་ཁྲིད། E-2.docx,downloaded,
D1,Tibetan!B28,ཤེས་རབ་སྙིང་པོ།,https://docs.google.com/document/d/1VxnsPbhsf1J1nJoDjCxF9LpcMhPLfRuqZBEXiMd6Tp0/edit,folder-item,R799C7389 ཤེས་རབ་སྙིང་པོའི་སྐོར་དང་དེའི་བཀའ་ཁྲིད།-Segmentation,Heart/D1__M29C34F4A ཤེས་རབ་སྙིང་པོ།/Resources/R799C7389 ཤེས་རབ་སྙིང་པོའི་སྐོར་དང་དེའི་བཀའ་ཁྲིད།/R799C7389 ཤེས་རབ་སྙིང་པོའི་སྐོར་དང་དེའི་བཀའ་ཁྲིད།-(Best E-Text)/R799C7389 ཤེས་རབ་སྙིང་པོའི་སྐོར་དང་དེའི་བཀའ་ཁྲིད།-Segmentation.docx,downloaded,
D1,Tibetan!B28,ཤེས་རབ་སྙིང་པོ།,https://docs.google.com/spreadsheets/d/1VTMD87MddV8gPSwsm-Hl1W2kANRTNJfHDktVTCWWCxc/edit,folder-item,R799C7389 ཤེས་རབ་སྙིང་པོའི་སྐོར་དང་དེའི་བཀའ་ཁྲིད།,Heart/D1__M29C34F4A ཤེས་རབ་སྙིང་པོ།/Resources/R799C7389 ཤེས་རབ་སྙིང་པོའི་སྐོར་དང་དེའི་བཀའ་ཁྲིད།/R799C7389 ཤེས་རབ་སྙིང་པོའི་སྐོར་དང་དེའི་བཀའ་ཁྲིད།.xlsx,downloaded,
D1,Tibetan!B28,ཤེས་རབ་སྙིང་པོ།,https://docs.google.com/spreadsheets/d/1zTYbSqgnb-mL81zeqsLjjdg-pdyL5syvLwNTAmZFtV0/edit,folder-item,R8A4CD51A ཤེས་རབ་སྙིང་པོ།,Heart/D1__M29C34F4A ཤེས་རབ་སྙིང་པོ།/Resources/R8A4CD51A  ཤེས་རབ་སྙིང་པོ།/R8A4CD51A ཤེས་རབ་སྙིང་པོ།.xlsx,downloaded,
D1,Tibetan!B28,ཤེས་རབ་སྙིང་པོ།,https://docs.google.com/spreadsheets/d/15sEB5wvLx5eEgwu_TvkdJKbxPBFB0G1puoRxpQvnME8/edit,folder-item,R8E5D4455ཅོ་ནེ་གྲགས་པ་བཤད་སྒྲུབ་ཀྱིས་མཛད་པའི་ཤེས་རབ་སྙིང་པོའི་རྣམ་བཤད་ཟབ་མིའི་དེ་ཁོ་ན་ཉེད་གསལ་བར་བྱེད་པའི་ཉི་མ་ཞེས་བྱ་བ་བཞུགས་སོ།,Heart/D1__M29C34F4A ཤེས་རབ་སྙིང་པོ།/Resources/R8E5D4455ཅོ་ནེ་གྲགས་པ་བཤད་སྒྲུབ་ཀྱིས་མཛད་པའི་ཤེས་རབ་སྙིང་པོའི་རྣམ་བཤད་ཟབ་མིའི་དེ་ཁོ་ན་ཉེད་གསལ་བར་བྱེད་པའི་ཉི་མ་ཞེས་བྱ་བ་བཞུགས་སོ།/R8E5D4455ཅོ་ནེ་གྲགས་པ་བཤད་སྒྲུབ་ཀྱིས་མཛད་པའི་ཤེས་རབ་སྙིང་པོའི་རྣམ་བཤད་ཟབ་མིའི་དེ་ཁོ་ན་ཉེད་གསལ་བར་བྱེད་པའི་ཉི་མ་ཞེས་བྱ་བ་བཞུགས་སོ།.xlsx,downloaded,
D1,Tibetan!B28,ཤེས་རབ་སྙིང་པོ།,https://drive.google.com/file/d/1Upk9hR2l_jbPsoLovKHsUrwu0s1YYaZR/view,folder-item,R8E5D4455ཅོ་ནེ་གྲགས་པ་བཤད་སྒྲུབ་ཀྱིས་མཛད་པའི་ཤེས་རབ་སྙིང་པོའི་རྣམ་བཤད་ཟབ་མིའི་དེ་ཁོ་ན་ཉེད་གསལ་བར་བྱེད་པའི་ཉི་མ་ཞེས་བྱ་བ་བཞུགས་སོ།,Heart/D1__M29C34F4A ཤེས་རབ་སྙིང་པོ།/Resources/R8E5D4455ཅོ་ནེ་གྲགས་པ་བཤད་སྒྲུབ་ཀྱིས་མཛད་པའི་ཤེས་རབ་སྙིང་པོའི་རྣམ་བཤད་ཟབ་མིའི་དེ་ཁོ་ན་ཉེད་གསལ་བར་བྱེད་པའི་ཉི་མ་ཞེས་བྱ་བ་བཞུགས་སོ།/R8E5D4455ཅོ་ནེ་གྲགས་པ་བཤད་སྒྲུབ་ཀྱིས་མཛད་པའི་ཤེས་རབ་སྙིང་པོའི་རྣམ་བཤད་ཟབ་མིའི་དེ་ཁོ་ན་ཉེད་གསལ་བར་བྱེད་པའི་ཉི་མ་ཞེས་བྱ་བ་བཞུགས་སོ།,downloaded,
D1,Tibetan!B28,ཤེས་རབ་སྙིང་པོ།,https://drive.google.com/file/d/1rbr15wjJkpgwW6mCDuZKxPOclvRTbhGV/view,folder-item,R8E5D4455ཅོ་ནེ་གྲགས་པ་བཤད་སྒྲུབ་ཀྱིས་མཛད་པའི་ཤེས་རབ་སྙིང་པོའི་རྣམ་བཤད་ཟབ་མིའི་དེ་ཁོ་ན་ཉེད་གསལ་བར་བྱེད་པའི་ཉི་མ་ཞེས་བྱ་བ་བཞུགས་སོ།.txt,Heart/D1__M29C34F4A ཤེས་རབ་སྙིང་པོ།/Resources/R8E5D4455ཅོ་ནེ་གྲགས་པ་བཤད་སྒྲུབ་ཀྱིས་མཛད་པའི་ཤེས་རབ་སྙིང་པོའི་རྣམ་བཤད་ཟབ་མིའི་དེ་ཁོ་ན་ཉེད་གསལ་བར་བྱེད་པའི་ཉི་མ་ཞེས་བྱ་བ་བཞུགས་སོ།/R8E5D4455ཅོ་ནེ་གྲགས་པ་བཤད་སྒྲུབ་ཀྱིས་མཛད་པའི་ཤེས་རབ་སྙིང་པོའི་རྣམ་བཤད་ཟབ་མིའི་དེ་ཁོ་ན་ཉེད་གསལ་བར་བྱེད་པའི་ཉི་མ་ཞེས་བྱ་བ་བཞུགས་སོ།.txt,downloaded,
D1,Tibetan!B28,ཤེས་རབ་སྙིང་པོ།,https://docs.google.com/spreadsheets/d/1uuh0seo8e20HQxazF5Fp7EznJM5NVInbo2ptHxc0LwQ/edit,folder-item,R900C33DD ཤེས་རབ་སྙིང་པོའི་འཆད་འཁྲིད།,Heart/D1__M29C34F4A ཤེས་རབ་སྙིང་པོ།/Resources/R900C33DD ཤེས་རབ་སྙིང་པོའི་འཆད་འཁྲིད།/R900C33DD ཤེས་རབ་སྙིང་པོའི་འཆད་འཁྲིད།.xlsx,downloaded,
D1,Tibetan!B28,ཤེས་རབ་སྙིང་པོ།,https://docs.google.com/document/d/1Onrc4zxtW8YBpYe3IuTxXsnvHAhCH9j2Z52IxXomKFg/edit,folder-item,R93128D03 ཤེར་སྙིང་རྣམ་བཤད་ཡུམ་དོན་རབ་གསལ། B-2,Heart/D1__M29C34F4A ཤེས་རབ་སྙིང་པོ།/Resources/R93128D03 ཤེར་སྙིང་རྣམ་བཤད་ཡུམ་དོན་རབ་གསལ།/Cleaned Text/R93128D03 ཤེར་སྙིང་རྣམ་བཤད་ཡུམ་དོན་རབ་གསལ། B-2.docx,downloaded,
D1,Tibetan!B28,ཤེས་རབ་སྙིང་པོ།,https://docs.google.com/document/d/1x-Q2_FXhY6xKDf3U8MzxSX-vVy9MjpAxEkTgI03k1v0/edit,folder-item,R93128D03 ཤེར་སྙིང་རྣམ་བཤད་ཡུམ་དོན་རབ་གསལ། B-3 #,Heart/D1__M29C34F4A ཤེས་རབ་སྙིང་པོ།/Resources/R93128D03 ཤེར་སྙིང་རྣམ་བཤད་ཡུམ་དོན་རབ་གསལ།/Cleaned Text/R93128D03 ཤེར་སྙིང་རྣམ་བཤད་ཡུམ་དོན་རབ་གསལ། B-3 #.docx,downloaded,
D1,Tibetan!B28,ཤེས་རབ་སྙིང་པོ།,https://docs.google.com/document/d/1tCHYpD_mbbo7unQcDAvdUKb6A4fOvy0bbCXpTB1JyWA/edit,folder-item,R93128D03 ཤེས་རབ་སྙིང་པོའི་རྣམ་བཤད་ཡུམ་དོན་རབ་གསལ་ཞེས་བྱ་བ་བཞུགས་སོ།། E-2,Heart/D1__M29C34F4A ཤེས་རབ་སྙིང་པོ།/Resources/R93128D03 ཤེར་སྙིང་རྣམ་བཤད་ཡུམ་དོན་རབ་གསལ།/Cleaned Text/R93128D03 ཤེས་རབ་སྙིང་པོའི་རྣམ་བཤད་ཡུམ་དོན་རབ་གསལ་ཞེས་བྱ་བ་བཞུགས་སོ།། E-2.docx,downloaded,
D1,Tibetan!B28,ཤེས་རབ་སྙིང་པོ།,https://drive.google.com/file/d/13w94MrMi2KZ1_4RJ1VdwLYvPT2vaW8lv/view,folder-item,R93128D03 ཤེར་སྙིང་རྣམ་བཤད་ཡུམ་དོན་རབ་གསལ།-3.pdf,Heart/D1__M29C34F4A ཤེས་རབ་སྙིང་པོ།/Resources/R93128D03 ཤེར་སྙིང་རྣམ་བཤད་ཡུམ་དོན་རབ་གསལ།/OCR/R93128D03 ཤེར་སྙིང་རྣམ་བཤད་ཡུམ་དོན་རབ་གསལ།-3.pdf,downloaded,
D1,Tibetan!B28,ཤེས་རབ་སྙིང་པོ།,https://docs.google.com/document/d/1wRD47kXBMPPokn4sPv9wU7ze2iRFEJO2qe1hmIiX93c/edit,folder-item,Common Spell Without Note,Heart/D1__M29C34F4A ཤེས་རབ་སྙིང་པོ།/Resources/R93128D03 ཤེར་སྙིང་རྣམ་བཤད་ཡུམ་དོན་རབ་གསལ།/R93128D03 ཤེར་སྙིང་རྣམ་བཤད་ཡུམ་དོན་རབ་གསལ།- ཡིག་རྐྱང་རྩེ་ཕུད། (Best E-text)/Common Spell Without Note.docx,downloaded,
D1,Tibetan!B28,ཤེས་རབ་སྙིང་པོ།,https://drive.google.com/file/d/1J_XIstfcHJmZRlHSd1BKBxn5QWTYkkW9/view,folder-item,common_spell with note.docx,,failed,"Uploaded .docx you can view, but it is not shared by link: Drive only serves it to a normal browser download, which cannot be captured into the zip (in-page fetch blocked by CORS). File itself is accessible."
D1,Tibetan!B28,ཤེས་རབ་སྙིང་པོ།,https://docs.google.com/document/d/17CSHZC8_CQqebOEBnnF2Fbu44VgcPxwGGuEbpgXui6g/edit,folder-item,R93128D03 ཤེར་སྙིང་རྣམ་བཤད་ཡུམ་དོན་རབ་གསལ།-Segmentation,Heart/D1__M29C34F4A ཤེས་རབ་སྙིང་པོ།/Resources/R93128D03 ཤེར་སྙིང་རྣམ་བཤད་ཡུམ་དོན་རབ་གསལ།/R93128D03 ཤེར་སྙིང་རྣམ་བཤད་ཡུམ་དོན་རབ་གསལ།- ཡིག་རྐྱང་རྩེ་ཕུད། (Best E-text)/R93128D03 ཤེར་སྙིང་རྣམ་བཤད་ཡུམ་དོན་རབ་གསལ།-Segmentation.docx,downloaded,
D1,Tibetan!B28,ཤེས་རབ་སྙིང་པོ།,https://docs.google.com/spreadsheets/d/1fsIxWeJPFaO5QuXYYh0mKMKHUbjcpuEvdmF1l_uGPRc/edit,folder-item,R93128D03 ཤེར་སྙིང་རྣམ་བཤད་ཡུམ་དོན་རབ་གསལ།,Heart/D1__M29C34F4A ཤེས་རབ་སྙིང་པོ།/Resources/R93128D03 ཤེར་སྙིང་རྣམ་བཤད་ཡུམ་དོན་རབ་གསལ།/R93128D03 ཤེར་སྙིང་རྣམ་བཤད་ཡུམ་དོན་རབ་གསལ།.xlsx,downloaded,
D1,Tibetan!B28,ཤེས་རབ་སྙིང་པོ།,https://drive.google.com/file/d/1W-m39tAONdTrqM6QVv9_yAa7y0PR-2jT/view,folder-item,R9CCC84A4 ཤེས་རབ་སྙིང་པོའི་རྣམ་པར་བཤད་པ། -B3.pdf,Heart/D1__M29C34F4A ཤེས་རབ་སྙིང་པོ།/Resources/R9CCC84A4ཤེས་རབ་སྙིང་པོའི་རྣམ་པར་བཤད་པ།/OCR/R9CCC84A4 ཤེས་རབ་སྙིང་པོའི་རྣམ་པར་བཤད་པ། -B3.pdf,downloaded,
D1,Tibetan!B28,ཤེས་རབ་སྙིང་པོ།,https://docs.google.com/document/d/1SFQ9Ws1ZDFOD79u_cCwjbnX-gbjeV8N5otKdwxQh6pU/edit,folder-item,R9CCC84A4 ཤེས་རབ་སྙིང་པོའི་རྣམ་པར་བཤད་པ། -B3,Heart/D1__M29C34F4A ཤེས་རབ་སྙིང་པོ།/Resources/R9CCC84A4ཤེས་རབ་སྙིང་པོའི་རྣམ་པར་བཤད་པ།/Others/Cleaned text/R9CCC84A4 ཤེས་རབ་སྙིང་པོའི་རྣམ་པར་བཤད་པ། -B3.docx,downloaded,
D1,Tibetan!B28,ཤེས་རབ་སྙིང་པོ།,https://docs.google.com/document/d/1h-3KYTAgcUFs__nqeVvfvsbIMRmCJ5W2UxEUGYnNh9o/edit,folder-item,R9CCC84A4 ཤེས་རབ་སྙིང་པོའི་རྣམ་པར་བཤད་པ། -B4,Heart/D1__M29C34F4A ཤེས་རབ་སྙིང་པོ།/Resources/R9CCC84A4ཤེས་རབ་སྙིང་པོའི་རྣམ་པར་བཤད་པ།/Others/Cleaned text/R9CCC84A4 ཤེས་རབ་སྙིང་པོའི་རྣམ་པར་བཤད་པ། -B4.docx,downloaded,
D1,Tibetan!B28,ཤེས་རབ་སྙིང་པོ།,https://drive.google.com/file/d/1m71PuaxilFwj3K87RzuqSK8MupXSRZJi/view,folder-item,R9CCC84A4 ཤེས་རབ་སྙིང་པོའི་རྣམ་པར་བཤད་པ། B-2 #,Heart/D1__M29C34F4A ཤེས་རབ་སྙིང་པོ།/Resources/R9CCC84A4ཤེས་རབ་སྙིང་པོའི་རྣམ་པར་བཤད་པ།/Others/Cleaned text/R9CCC84A4 ཤེས་རབ་སྙིང་པོའི་རྣམ་པར་བཤད་པ། B-2 #,downloaded,
D1,Tibetan!B28,ཤེས་རབ་སྙིང་པོ།,https://docs.google.com/document/d/1fLsVDikQjTw4FsWjVq7aYshntU1QEk0cZOkW-IYaGio/edit,folder-item,Common Spell Without Note,Heart/D1__M29C34F4A ཤེས་རབ་སྙིང་པོ།/Resources/R9CCC84A4ཤེས་རབ་སྙིང་པོའི་རྣམ་པར་བཤད་པ།/Others/R9CCC84A4 ཤེས་རབ་སྙིང་པོའི་རྣམ་པར་བཤད་པ། - ཡིག་རྐྱང་རྩེ་ཕུད། (Best E-Text)/Common Spell Without Note.docx,downloaded,
D1,Tibetan!B28,ཤེས་རབ་སྙིང་པོ།,https://drive.google.com/file/d/1sPMwg_jSdXGkJOLnfdkan6EzXc7Wzf2X/view,folder-item,common_spell With Note.docx,,failed,"Uploaded .docx you can view, but it is not shared by link: Drive only serves it to a normal browser download, which cannot be captured into the zip (in-page fetch blocked by CORS). File itself is accessible."
D1,Tibetan!B28,ཤེས་རབ་སྙིང་པོ།,https://docs.google.com/document/d/1kN7u_W0HG1p5X9yf4Bla-wJI0aOT-a3DDd6UqNUl7U4/edit,folder-item,Copy of R9CCC84A4ཤེས་རབ་སྙིང་པོའི་རྣམ་པར་བཤད་པ། -Tsadel Align,Heart/D1__M29C34F4A ཤེས་རབ་སྙིང་པོ།/Resources/R9CCC84A4ཤེས་རབ་སྙིང་པོའི་རྣམ་པར་བཤད་པ།/Others/Copy of R9CCC84A4ཤེས་རབ་སྙིང་པོའི་རྣམ་པར་བཤད་པ། -Tsadel Align.docx,downloaded,
D1,Tibetan!B28,ཤེས་རབ་སྙིང་པོ།,https://docs.google.com/spreadsheets/d/1LTNruK0xivdXONZFJR5ima8jH-kOf-Pw4e9dA2GQI3E/edit,folder-item,R9CCC84A4 ཤེས་རབ་སྙིང་པོའི་རྣམ་པར་བཤད་པ།,Heart/D1__M29C34F4A ཤེས་རབ་སྙིང་པོ།/Resources/R9CCC84A4ཤེས་རབ་སྙིང་པོའི་རྣམ་པར་བཤད་པ།/Others/R9CCC84A4 ཤེས་རབ་སྙིང་པོའི་རྣམ་པར་བཤད་པ།.xlsx,downloaded,
D1,Tibetan!B28,ཤེས་རབ་སྙིང་པོ།,https://docs.google.com/document/d/1U4Yk-YwlA_zxTIBEwWwsLm8L1C142UH80sLWdFdjgh0/edit,folder-item,R9CCC84A4 ཤེས་རབ་སྙིང་པོའི་རྣམ་པར་བཤད་པ།-E2,Heart/D1__M29C34F4A ཤེས་རབ་སྙིང་པོ།/Resources/R9CCC84A4ཤེས་རབ་སྙིང་པོའི་རྣམ་པར་བཤད་པ།/Others/R9CCC84A4 ཤེས་རབ་སྙིང་པོའི་རྣམ་པར་བཤད་པ།-E2.docx,downloaded,
D1,Tibetan!B28,ཤེས་རབ་སྙིང་པོ།,https://docs.google.com/spreadsheets/d/1pEDUoRsd7kiEdLxb5BE5xz4PyWYRXczLG-p-4t1r9Ls/edit,folder-item,R9CCC84A4 ཤེས་རབ་སྙིང་པོའི་རྣམ་པར་བཤད་པ། Metadata,Heart/D1__M29C34F4A ཤེས་རབ་སྙིང་པོ།/Resources/R9CCC84A4ཤེས་རབ་སྙིང་པོའི་རྣམ་པར་བཤད་པ།/R9CCC84A4 ཤེས་རབ་སྙིང་པོའི་རྣམ་པར་བཤད་པ། Metadata.xlsx,downloaded,
D1,Tibetan!B28,ཤེས་རབ་སྙིང་པོ།,https://docs.google.com/document/d/1XB-xkG3kIsyyCl_0dqXICr2vYNtfp6-rwADe9AggbA0/edit,folder-item,R9CCC84A4ཤེས་རབ་སྙིང་པོའི་རྣམ་པར་བཤད་པ། -Citation,Heart/D1__M29C34F4A ཤེས་རབ་སྙིང་པོ།/Resources/R9CCC84A4ཤེས་རབ་སྙིང་པོའི་རྣམ་པར་བཤད་པ།/R9CCC84A4ཤེས་རབ་སྙིང་པོའི་རྣམ་པར་བཤད་པ། -Citation.docx,downloaded,
D1,Tibetan!B28,ཤེས་རབ་སྙིང་པོ།,https://docs.google.com/document/d/1i5Kce3WncbQJ7y4P2eye1X4-fP9YMeEF3oPjCNL2DYM/edit,folder-item,R9CCC84A4ཤེས་རབ་སྙིང་པོའི་རྣམ་པར་བཤད་པ། -Clean text,Heart/D1__M29C34F4A ཤེས་རབ་སྙིང་པོ།/Resources/R9CCC84A4ཤེས་རབ་སྙིང་པོའི་རྣམ་པར་བཤད་པ།/R9CCC84A4ཤེས་རབ་སྙིང་པོའི་རྣམ་པར་བཤད་པ། -Clean text.docx,downloaded,
D1,Tibetan!B28,ཤེས་རབ་སྙིང་པོ།,https://docs.google.com/document/d/1UoV8dryGurDGiF0umKNZUvDEQtnt8fWY7_SwEz9q9MA/edit,folder-item,R9CCC84A4ཤེས་རབ་སྙིང་པོའི་རྣམ་པར་བཤད་པ། -Sentence Segm,Heart/D1__M29C34F4A ཤེས་རབ་སྙིང་པོ།/Resources/R9CCC84A4ཤེས་རབ་སྙིང་པོའི་རྣམ་པར་བཤད་པ།/R9CCC84A4ཤེས་རབ་སྙིང་པོའི་རྣམ་པར་བཤད་པ། -Sentence Segm.docx,downloaded,
D1,Tibetan!B28,ཤེས་རབ་སྙིང་པོ།,https://docs.google.com/document/d/1z4bd5Y_fPQbIzDf3VsLTr4_IEXgpPoTWH9YUjnvajus/edit,folder-item,R9CCC84A4ཤེས་རབ་སྙིང་པོའི་རྣམ་པར་བཤད་པ། -TOC,Heart/D1__M29C34F4A ཤེས་རབ་སྙིང་པོ།/Resources/R9CCC84A4ཤེས་རབ་སྙིང་པོའི་རྣམ་པར་བཤད་པ།/R9CCC84A4ཤེས་རབ་སྙིང་པོའི་རྣམ་པར་བཤད་པ། -TOC.docx,downloaded,
D1,Tibetan!B28,ཤེས་རབ་སྙིང་པོ།,https://docs.google.com/document/d/1qJY1_35cCfGKYBi4MAgtma9VWPh4hQus4SKwfQfyYc4/edit,folder-item,R9CCC84A4ཤེས་རབ་སྙིང་པོའི་རྣམ་པར་བཤད་པ། -Tsadel Align,Heart/D1__M29C34F4A ཤེས་རབ་སྙིང་པོ།/Resources/R9CCC84A4ཤེས་རབ་སྙིང་པོའི་རྣམ་པར་བཤད་པ།/R9CCC84A4ཤེས་རབ་སྙིང་པོའི་རྣམ་པར་བཤད་པ། -Tsadel Align.docx,downloaded,
D1,Tibetan!B28,ཤེས་རབ་སྙིང་པོ།,https://docs.google.com/document/d/1hEnnoNSRRzqOiukIKtnz0vLHXv_x52dH01rq_k1e44Y/edit,folder-item,R9CCC84A4ཤེས་རབ་སྙིང་པོའི་རྣམ་པར་བཤད་པ། -Tsawa - Delwa,Heart/D1__M29C34F4A ཤེས་རབ་སྙིང་པོ།/Resources/R9CCC84A4ཤེས་རབ་སྙིང་པོའི་རྣམ་པར་བཤད་པ།/R9CCC84A4ཤེས་རབ་སྙིང་པོའི་རྣམ་པར་བཤད་པ། -Tsawa - Delwa.docx,downloaded,
D1,Tibetan!B28,ཤེས་རབ་སྙིང་པོ།,https://docs.google.com/document/d/1DHGW38j9U7BndxEs2zSKjsauIa_YJ0pJcVV282lBpbU/edit,folder-item,Copy of RA25D53E9 འཕྲ་ཏིག་དང་པོ། ཤེས་རབ་སྙིང་པོའི་བཤད་འབུམ།-Segmentation,Heart/D1__M29C34F4A ཤེས་རབ་སྙིང་པོ།/Resources/RA25D53E9 འཕྲ་ཏིག་དང་པོ། ཤེས་རབ་སྙིང་པོའི་བཤད་འབུམ།/Others/RA25D53E9 འཕྲ་ཏིག་དང་པོ། ཤེས་རབ་སྙིང་པོའི་བཤད་འབུམ།-Best E-Text/Copy of RA25D53E9 འཕྲ་ཏིག་དང་པོ། ཤེས་རབ་སྙིང་པོའི་བཤད་འབུམ།-Segmentation.docx,downloaded,
D1,Tibetan!B28,ཤེས་རབ་སྙིང་པོ།,https://docs.google.com/document/d/16hLy-scRUfbyjHOUQ7yh5Fsb9hMsgktyNU_86QGLBD4/edit,folder-item,RA25D53E9 འཕྲ་ཏིག་དང་པོ། ཤེས་རབ་སྙིང་པོའི་བཤད་འབུམ།-Without Note,Heart/D1__M29C34F4A ཤེས་རབ་སྙིང་པོ།/Resources/RA25D53E9 འཕྲ་ཏིག་དང་པོ། ཤེས་རབ་སྙིང་པོའི་བཤད་འབུམ།/Others/RA25D53E9 འཕྲ་ཏིག་དང་པོ། ཤེས་རབ་སྙིང་པོའི་བཤད་འབུམ།-Best E-Text/RA25D53E9 འཕྲ་ཏིག་དང་པོ། ཤེས་རབ་སྙིང་པོའི་བཤད་འབུམ།-Without Note.docx,downloaded,
D1,Tibetan!B28,ཤེས་རབ་སྙིང་པོ།,https://docs.google.com/document/d/1Pi4qYG40ET6UuZrVsyZ-kkg4XIexRzvVJqEn1aQbvLo/edit,folder-item,RA25D53E9 འཕྲ་ཏིག་དང་པོ། ཤེས་རབ་སྙིང་པོའི་བཤད་འབུམ།-E2,Heart/D1__M29C34F4A ཤེས་རབ་སྙིང་པོ།/Resources/RA25D53E9 འཕྲ་ཏིག་དང་པོ། ཤེས་རབ་སྙིང་པོའི་བཤད་འབུམ།/Others/RA25D53E9 འཕྲ་ཏིག་དང་པོ། ཤེས་རབ་སྙིང་པོའི་བཤད་འབུམ།-E2.docx,downloaded,
D1,Tibetan!B28,ཤེས་རབ་སྙིང་པོ།,https://docs.google.com/document/d/1yjztFfGnr3bbl_Q0vM_8GZSiPdmPT5kPSEGNAs7dP88/edit,folder-item,Copy of RA25D53E9 འཕྲ་ཏིག་དང་པོ། ཤེས་རབ་སྙིང་པོའི་བཤད་འབུམ།-Segmentation,Heart/D1__M29C34F4A ཤེས་རབ་སྙིང་པོ།/Resources/RA25D53E9 འཕྲ་ཏིག་དང་པོ། ཤེས་རབ་སྙིང་པོའི་བཤད་འབུམ།/Copy of RA25D53E9 འཕྲ་ཏིག་དང་པོ། ཤེས་རབ་སྙིང་པོའི་བཤད་འབུམ།-Segmentation.docx,downloaded,
D1,Tibetan!B28,ཤེས་རབ་སྙིང་པོ།,https://docs.google.com/spreadsheets/d/1tZKSyBfPG7CqnRhjDHidv5ArSbPAYA_BHUi8o0vgnVs/edit,folder-item,RA25D53E9 འཕྲ་ཏིག་དང་པོ། ཤེས་རབ་སྙིང་པོའི་བཤད་འབུམ། Metadata,Heart/D1__M29C34F4A ཤེས་རབ་སྙིང་པོ།/Resources/RA25D53E9 འཕྲ་ཏིག་དང་པོ། ཤེས་རབ་སྙིང་པོའི་བཤད་འབུམ།/RA25D53E9 འཕྲ་ཏིག་དང་པོ། ཤེས་རབ་སྙིང་པོའི་བཤད་འབུམ། Metadata.xlsx,downloaded,
D1,Tibetan!B28,ཤེས་རབ་སྙིང་པོ།,https://docs.google.com/document/d/1XNhWQEOl3b_puwvEjXwIhmpIka5gE0CZndcMVme4V7k/edit,folder-item,RA25D53E9 འཕྲ་ཏིག་དང་པོ། ཤེས་རབ་སྙིང་པོའི་བཤད་འབུམ།-Tsadel,Heart/D1__M29C34F4A ཤེས་རབ་སྙིང་པོ།/Resources/RA25D53E9 འཕྲ་ཏིག་དང་པོ། ཤེས་རབ་སྙིང་པོའི་བཤད་འབུམ།/RA25D53E9 འཕྲ་ཏིག་དང་པོ། ཤེས་རབ་སྙིང་པོའི་བཤད་འབུམ།-Tsadel.docx,downloaded,
D1,Tibetan!B28,ཤེས་རབ་སྙིང་པོ།,https://docs.google.com/document/d/1dJh7OFSwz-2cHgAuQ5x_Xh5xDYXvQJhcrNwf6qFPb7s/edit,folder-item,RA25D53E9 འཕྲ་ཏིག་དང་པོ། ཤེས་རབ་སྙིང་པོའི་བཤད་འབུམ།-Tsawa,Heart/D1__M29C34F4A ཤེས་རབ་སྙིང་པོ།/Resources/RA25D53E9 འཕྲ་ཏིག་དང་པོ། ཤེས་རབ་སྙིང་པོའི་བཤད་འབུམ།/RA25D53E9 འཕྲ་ཏིག་དང་པོ། ཤེས་རབ་སྙིང་པོའི་བཤད་འབུམ།-Tsawa.docx,downloaded,
D1,Tibetan!B28,ཤེས་རབ་སྙིང་པོ།,https://docs.google.com/spreadsheets/d/1UyydS2vKxNEJdc7qQsvXssnWMwjQRuNjg2HdlusCt60/edit,folder-item,RA37A84F4 ཤེས་རབ་སྙིང་པོའི་རྣམ་བཤད།,Heart/D1__M29C34F4A ཤེས་རབ་སྙིང་པོ།/Resources/RA37A84F4 ཤེས་རབ་སྙིང་པོའི་རྣམ་བཤད།/RA37A84F4 ཤེས་རབ་སྙིང་པོའི་རྣམ་བཤད།.xlsx,downloaded,
D1,Tibetan!B28,ཤེས་རབ་སྙིང་པོ།,https://drive.google.com/file/d/1jWLA0kfMPp5D8T2Kcnv68E0ffW9xSMOf/view,folder-item,RA6E8F24A  ཤེས་རབ་སྙིང་པོའི་མཆན་འགྲེལ་མདོར་བསྡུས། -B2.pdf,Heart/D1__M29C34F4A ཤེས་རབ་སྙིང་པོ།/Resources/RA6E8F24A ཤེས་རབ་སྙིང་པོའི་མཆན་འགྲེལ་མདོར་བསྡུས།/OCR/RA6E8F24A  ཤེས་རབ་སྙིང་པོའི་མཆན་འགྲེལ་མདོར་བསྡུས། -B2.pdf,downloaded,
D1,Tibetan!B28,ཤེས་རབ་སྙིང་པོ།,https://docs.google.com/document/d/1zZB4d1zFtOhju4eYI42yCyLfgFhplHWyLelvlUKvpRE/edit,folder-item,RA6E8F24A  ཤེས་རབ་སྙིང་པོའི་མཆན་འགྲེལ་མདོར་བསྡུས། -B2-Without Note,Heart/D1__M29C34F4A ཤེས་རབ་སྙིང་པོ།/Resources/RA6E8F24A ཤེས་རབ་སྙིང་པོའི་མཆན་འགྲེལ་མདོར་བསྡུས།/RA6E8F24A ཤེས་རབ་སྙིང་པོའི་མཆན་འགྲེལ་མདོར་བསྡུས། -Best E-Text/RA6E8F24A  ཤེས་རབ་སྙིང་པོའི་མཆན་འགྲེལ་མདོར་བསྡུས། -B2-Without Note.docx,downloaded,
D1,Tibetan!B28,ཤེས་རབ་སྙིང་པོ།,https://docs.google.com/document/d/1OXXjYOfWNmJB99MitAUP3CVaMC0H7Bp5nOp4mkC0gGg/edit,folder-item,RA6E8F24A  ཤེས་རབ་སྙིང་པོའི་མཆན་འགྲེལ་མདོར་བསྡུས། -Segmentation,Heart/D1__M29C34F4A ཤེས་རབ་སྙིང་པོ།/Resources/RA6E8F24A ཤེས་རབ་སྙིང་པོའི་མཆན་འགྲེལ་མདོར་བསྡུས།/RA6E8F24A ཤེས་རབ་སྙིང་པོའི་མཆན་འགྲེལ་མདོར་བསྡུས། -Best E-Text/RA6E8F24A  ཤེས་རབ་སྙིང་པོའི་མཆན་འགྲེལ་མདོར་བསྡུས། -Segmentation.docx,downloaded,
D1,Tibetan!B28,ཤེས་རབ་སྙིང་པོ།,https://docs.google.com/spreadsheets/d/1MI5DjuhQLMiJ2B17mqOxXiQpF26pHZBpfiqjdGgFNfk/edit,folder-item,RA6E8F24A  ཤེས་རབ་སྙིང་པོའི་མཆན་འགྲེལ་མདོར་བསྡུས།,Heart/D1__M29C34F4A ཤེས་རབ་སྙིང་པོ།/Resources/RA6E8F24A ཤེས་རབ་སྙིང་པོའི་མཆན་འགྲེལ་མདོར་བསྡུས།/RA6E8F24A  ཤེས་རབ་སྙིང་པོའི་མཆན་འགྲེལ་མདོར་བསྡུས།.xlsx,downloaded,
D1,Tibetan!B28,ཤེས་རབ་སྙིང་པོ།,https://drive.google.com/file/d/1qVJknC3UYD20qpvKMLBD9jVAN6UTVn_6/view,folder-item,RA7B8FF79ཤེས་རབ་སྙིང་པོའི་རྣམ་བཤད་ཡང་དག་ལྟ་བའི་མིག-B2.pdf,Heart/D1__M29C34F4A ཤེས་རབ་སྙིང་པོ།/Resources/RA7B8FF79 ཤེས་རབ་སྙིང་པོའི་རྣམ་བཤད་ཡང་དག་ལྟ་བའི་མིག/OCR/RA7B8FF79ཤེས་རབ་སྙིང་པོའི་རྣམ་བཤད་ཡང་དག་ལྟ་བའི་མིག-B2.pdf,downloaded,
D1,Tibetan!B28,ཤེས་རབ་སྙིང་པོ།,https://drive.google.com/file/d/1ZU4A_VYYSZK1zf3eRZjNcxSJ7xmPIdWT/view,folder-item,common_spell With Note.docx,,failed,"Uploaded .docx you can view, but it is not shared by link: Drive only serves it to a normal browser download, which cannot be captured into the zip (in-page fetch blocked by CORS). File itself is accessible."
D1,Tibetan!B28,ཤེས་རབ་སྙིང་པོ།,https://docs.google.com/document/d/1Nk0ROdYXG1-1ZzNNq3MhHy2oRk4Jh7jN2fIHMQW5z-o/edit,folder-item,༄༅། །​ཤེས་རབ་སྙིང་པོའི་རྣམ་བཤད་ཡང་དག་ལྟ་བའི་མིག་ཅེས་བྱ་བ་བཞུགས་སོ།,Heart/D1__M29C34F4A ཤེས་རབ་སྙིང་པོ།/Resources/RA7B8FF79 ཤེས་རབ་སྙིང་པོའི་རྣམ་བཤད་ཡང་དག་ལྟ་བའི་མིག/Others/RA7B8FF79 ཤེས་རབ་སྙིང་པོའི་རྣམ་བཤད་ཡང་དག་ལྟ་བའི་མིག- ཡིག་རྐྱང་རྩེ་ཕུད། (Best E-Text)/༄༅། །​ཤེས་རབ་སྙིང་པོའི་རྣམ་བཤད་ཡང་དག་ལྟ་བའི་མིག་ཅེས་བྱ་བ་བཞུགས་སོ།.docx,downloaded,
D1,Tibetan!B28,ཤེས་རབ་སྙིང་པོ།,https://docs.google.com/document/d/1udiW1WB_CdR3ppgRO7uazTYMrS8XsoOJ2puu2Bt8iUU/edit,folder-item,Copy of RA7B8FF79 ཤེས་རབ་སྙིང་པོའི་རྣམ་བཤད་ཡང་དག་ལྟ་བའི་མིག -Segmentation,Heart/D1__M29C34F4A ཤེས་རབ་སྙིང་པོ།/Resources/RA7B8FF79 ཤེས་རབ་སྙིང་པོའི་རྣམ་བཤད་ཡང་དག་ལྟ་བའི་མིག/Others/Copy of RA7B8FF79 ཤེས་རབ་སྙིང་པོའི་རྣམ་བཤད་ཡང་དག་ལྟ་བའི་མིག -Segmentation.docx,downloaded,
D1,Tibetan!B28,ཤེས་རབ་སྙིང་པོ།,https://docs.google.com/document/d/1eVjbJGhzZqZ3ekwDAKykXxsODEeST6eC6esVlAHm70E/edit,folder-item,RA7B8FF79 ཤེས་རབ་སྙིང་པོའི་རྣམ་བཤད་ཡང་དག་ལྟ་བའི་མིག B-2,Heart/D1__M29C34F4A ཤེས་རབ་སྙིང་པོ།/Resources/RA7B8FF79 ཤེས་རབ་སྙིང་པོའི་རྣམ་བཤད་ཡང་དག་ལྟ་བའི་མིག/Others/RA7B8FF79 ཤེས་རབ་སྙིང་པོའི་རྣམ་བཤད་ཡང་དག་ལྟ་བའི་མིག B-2.docx,downloaded,
D1,Tibetan!B28,ཤེས་རབ་སྙིང་པོ།,https://docs.google.com/document/d/1a6OzIAZ1CbBtNBH6PvoVwWb70-xaeTe8KWf-kEoc2mA/edit,folder-item,RA7B8FF79 ཤེས་རབ་སྙིང་པོའི་རྣམ་བཤད་ཡང་དག་ལྟ་བའི་མིག-E2#,Heart/D1__M29C34F4A ཤེས་རབ་སྙིང་པོ།/Resources/RA7B8FF79 ཤེས་རབ་སྙིང་པོའི་རྣམ་བཤད་ཡང་དག་ལྟ་བའི་མིག/Others/RA7B8FF79 ཤེས་རབ་སྙིང་པོའི་རྣམ་བཤད་ཡང་དག་ལྟ་བའི་མིག-E2#.docx,downloaded,
D1,Tibetan!B28,ཤེས་རབ་སྙིང་པོ།,https://docs.google.com/document/d/1HgLmQcrvneYY7w5N0V4qpZMNAzPSCFse3uT3SRB9yqE/edit,folder-item,RA7B8FF79 ཤེས་རབ་སྙིང་པོའི་རྣམ་བཤད་ཡང་དག་ལྟ་བའི་མིག -Tsadel,Heart/D1__M29C34F4A ཤེས་རབ་སྙིང་པོ།/Resources/RA7B8FF79 ཤེས་རབ་སྙིང་པོའི་རྣམ་བཤད་ཡང་དག་ལྟ་བའི་མིག/RA7B8FF79 ཤེས་རབ་སྙིང་པོའི་རྣམ་བཤད་ཡང་དག་ལྟ་བའི་མིག -Tsadel.docx,downloaded,
D1,Tibetan!B28,ཤེས་རབ་སྙིང་པོ།,https://docs.google.com/document/d/1Xaiy49DoDpzlkMNukeIvs1H07sVKY-ebzsth40QKtn4/edit,folder-item,RA7B8FF79 ཤེས་རབ་སྙིང་པོའི་རྣམ་བཤད་ཡང་དག་ལྟ་བའི་མིག -Tsawa,Heart/D1__M29C34F4A ཤེས་རབ་སྙིང་པོ།/Resources/RA7B8FF79 ཤེས་རབ་སྙིང་པོའི་རྣམ་བཤད་ཡང་དག་ལྟ་བའི་མིག/RA7B8FF79 ཤེས་རབ་སྙིང་པོའི་རྣམ་བཤད་ཡང་དག་ལྟ་བའི་མིག -Tsawa.docx,downloaded,
D1,Tibetan!B28,ཤེས་རབ་སྙིང་པོ།,https://docs.google.com/spreadsheets/d/1L3_mYLbh3YTp26N1Fq2cwklLicGyMcJRgwyGhEuugbI/edit,folder-item,RA7B8FF79 ཤེས་རབ་སྙིང་པོའི་རྣམ་བཤད་ཡང་དག་ལྟ་བའི་མིག Metadata,Heart/D1__M29C34F4A ཤེས་རབ་སྙིང་པོ།/Resources/RA7B8FF79 ཤེས་རབ་སྙིང་པོའི་རྣམ་བཤད་ཡང་དག་ལྟ་བའི་མིག/RA7B8FF79 ཤེས་རབ་སྙིང་པོའི་རྣམ་བཤད་ཡང་དག་ལྟ་བའི་མིག Metadata.xlsx,downloaded,
D1,Tibetan!B28,ཤེས་རབ་སྙིང་པོ།,https://docs.google.com/document/d/1ijqGEtHg1if-lJj8CKJXGklnN9VH8p0fqICb01PDPPM/edit,folder-item,RA88988D0 བཅོམ་ལྡན་འདས་མ་ཤེས་རབ་ཀྱི་ཕ་རོལ་ཏུ་ཕྱིན་པའི་སྙིང་པོའི་འགྲེལ་པ་དོན་གྱི་སྒྲོན་མ། -B 7 #,Heart/D1__M29C34F4A ཤེས་རབ་སྙིང་པོ།/Resources/RA88988D0 བཅོམ་ལྡན་འདས་མ་ཤེས་རབ་ཀྱི་ཕ་རོལ་ཏུ་ཕྱིན་པའི་སྙིང་པོའི་འགྲེལ་པ་དོན་གྱི་སྒྲོན་མ།/Cleaned Text/RA88988D0 བཅོམ་ལྡན་འདས་མ་ཤེས་རབ་ཀྱི་ཕ་རོལ་ཏུ་ཕྱིན་པའི་སྙིང་པོའི་འགྲེལ་པ་དོན་གྱི་སྒྲོན་མ། -B 7 #.docx,downloaded,
D1,Tibetan!B28,ཤེས་རབ་སྙིང་པོ།,https://docs.google.com/document/d/1NOkszY3RnJaMbd9L2sEh7SIbGzme3kghKZSQ8oK-s9o/edit,folder-item,RA88988D0 བཅོམ་ལྡན་འདས་མ་ཤེས་རབ་ཀྱི་ཕ་རོལ་ཏུ་ཕྱིན་པའི་སྙིང་པོའི་འགྲེལ་པ་དོན་གྱི་སྒྲོན་མ། B-2,Heart/D1__M29C34F4A ཤེས་རབ་སྙིང་པོ།/Resources/RA88988D0 བཅོམ་ལྡན་འདས་མ་ཤེས་རབ་ཀྱི་ཕ་རོལ་ཏུ་ཕྱིན་པའི་སྙིང་པོའི་འགྲེལ་པ་དོན་གྱི་སྒྲོན་མ།/Cleaned Text/RA88988D0 བཅོམ་ལྡན་འདས་མ་ཤེས་རབ་ཀྱི་ཕ་རོལ་ཏུ་ཕྱིན་པའི་སྙིང་པོའི་འགྲེལ་པ་དོན་གྱི་སྒྲོན་མ། B-2.docx,downloaded,
D1,Tibetan!B28,ཤེས་རབ་སྙིང་པོ།,https://docs.google.com/document/d/1NQyVmUd9nd_Pbr_lxIT90UcrhQxX_FVd8kpkqwgpcA4/edit,folder-item,RA88988D0 བཅོམ་ལྡན་འདས་མ་ཤེས་རབ་ཀྱི་ཕ་རོལ་ཏུ་ཕྱིན་པའི་སྙིང་པོའི་འགྲེལ་པ་དོན་གྱི་སྒྲོན་མ། B-3,Heart/D1__M29C34F4A ཤེས་རབ་སྙིང་པོ།/Resources/RA88988D0 བཅོམ་ལྡན་འདས་མ་ཤེས་རབ་ཀྱི་ཕ་རོལ་ཏུ་ཕྱིན་པའི་སྙིང་པོའི་འགྲེལ་པ་དོན་གྱི་སྒྲོན་མ།/Cleaned Text/RA88988D0 བཅོམ་ལྡན་འདས་མ་ཤེས་རབ་ཀྱི་ཕ་རོལ་ཏུ་ཕྱིན་པའི་སྙིང་པོའི་འགྲེལ་པ་དོན་གྱི་སྒྲོན་མ། B-3.docx,downloaded,
D1,Tibetan!B28,ཤེས་རབ་སྙིང་པོ།,https://docs.google.com/document/d/16Uj1D2szmsu2tTioPtQ__ewaJKyA3KsYcIJCwl-PAmM/edit,folder-item,RA88988D0 བཅོམ་ལྡན་འདས་མ་ཤེས་རབ་ཀྱི་ཕ་རོལ་ཏུ་ཕྱིན་པའི་སྙིང་པོའི་འགྲེལ་པ་དོན་གྱི་སྒྲོན་མ། B-4,Heart/D1__M29C34F4A ཤེས་རབ་སྙིང་པོ།/Resources/RA88988D0 བཅོམ་ལྡན་འདས་མ་ཤེས་རབ་ཀྱི་ཕ་རོལ་ཏུ་ཕྱིན་པའི་སྙིང་པོའི་འགྲེལ་པ་དོན་གྱི་སྒྲོན་མ།/Cleaned Text/RA88988D0 བཅོམ་ལྡན་འདས་མ་ཤེས་རབ་ཀྱི་ཕ་རོལ་ཏུ་ཕྱིན་པའི་སྙིང་པོའི་འགྲེལ་པ་དོན་གྱི་སྒྲོན་མ། B-4.docx,downloaded,
D1,Tibetan!B28,ཤེས་རབ་སྙིང་པོ།,https://docs.google.com/document/d/15eSLRW4o7EuzuvIWFmiIyQbhtTM45E0jmrAB_lCQPlQ/edit,folder-item,RA88988D0 བཅོམ་ལྡན་འདས་མ་ཤེས་རབ་ཀྱི་ཕ་རོལ་ཏུ་ཕྱིན་པའི་སྙིང་པོའི་འགྲེལ་པ་དོན་གྱི་སྒྲོན་མ། B-6,Heart/D1__M29C34F4A ཤེས་རབ་སྙིང་པོ།/Resources/RA88988D0 བཅོམ་ལྡན་འདས་མ་ཤེས་རབ་ཀྱི་ཕ་རོལ་ཏུ་ཕྱིན་པའི་སྙིང་པོའི་འགྲེལ་པ་དོན་གྱི་སྒྲོན་མ།/Cleaned Text/RA88988D0 བཅོམ་ལྡན་འདས་མ་ཤེས་རབ་ཀྱི་ཕ་རོལ་ཏུ་ཕྱིན་པའི་སྙིང་པོའི་འགྲེལ་པ་དོན་གྱི་སྒྲོན་མ། B-6.docx,downloaded,
D1,Tibetan!B28,ཤེས་རབ་སྙིང་པོ།,https://docs.google.com/document/d/1AmaBUD0P1nkB53l1jy8eN0mds_vzVJzkQVWn_dxckFY/edit,folder-item,Common Spell Without Note,Heart/D1__M29C34F4A ཤེས་རབ་སྙིང་པོ།/Resources/RA88988D0 བཅོམ་ལྡན་འདས་མ་ཤེས་རབ་ཀྱི་ཕ་རོལ་ཏུ་ཕྱིན་པའི་སྙིང་པོའི་འགྲེལ་པ་དོན་གྱི་སྒྲོན་མ།/RA88988D0 བཅོམ་ལྡན་འདས་མ་ཤེས་རབ་ཀྱི་ཕ་རོལ་ཏུ་ཕྱིན་པའི་སྙིང་པོའི་འགྲེལ་པ་དོན་གྱི་སྒྲོན་མ།- ཡིག་རྐྱང་རྩེ་ཕུད། (Best E-text)/Other/Common Spell Without Note.docx,downloaded,
D1,Tibetan!B28,ཤེས་རབ་སྙིང་པོ།,https://drive.google.com/file/d/1-WXU9Ew6gQHDZKLPba2fblyEYxN-qqW0/view,folder-item,common_spell with spell.docx,,failed,"Uploaded .docx you can view, but it is not shared by link: Drive only serves it to a normal browser download, which cannot be captured into the zip (in-page fetch blocked by CORS). File itself is accessible."
D1,Tibetan!B28,ཤེས་རབ་སྙིང་པོ།,https://docs.google.com/document/d/1kO0e3_WRuzWwCzOdpSH41m5oNQvDkgh2p2ZWBnE1pVo/edit,folder-item,RA88988D0 བཅོམ་ལྡན་འདས་མ་ཤེས་རབ་ཀྱི་ཕ་རོལ་ཏུ་ཕྱིན་པའི་སྙིང་པོའི་འགྲེལ་པ་དོན་གྱི་སྒྲོན་མ།- ཡིག་རྐྱང་རྩེ་ཕུད། (Best E-text)-Segmentation,Heart/D1__M29C34F4A ཤེས་རབ་སྙིང་པོ།/Resources/RA88988D0 བཅོམ་ལྡན་འདས་མ་ཤེས་རབ་ཀྱི་ཕ་རོལ་ཏུ་ཕྱིན་པའི་སྙིང་པོའི་འགྲེལ་པ་དོན་གྱི་སྒྲོན་མ།/RA88988D0 བཅོམ་ལྡན་འདས་མ་ཤེས་རབ་ཀྱི་ཕ་རོལ་ཏུ་ཕྱིན་པའི་སྙིང་པོའི་འགྲེལ་པ་དོན་གྱི་སྒྲོན་མ།- ཡིག་རྐྱང་རྩེ་ཕུད། (Best E-text)/Other/RA88988D0 བཅོམ་ལྡན་འདས་མ་ཤེས་རབ་ཀྱི་ཕ་རོལ་ཏུ་ཕྱིན་པའི་སྙིང་པོའི་འགྲེལ་པ་དོན་གྱི་སྒྲོན་མ།- ཡིག་རྐྱང་རྩེ་ཕུད། (Best E-text)-Segmentation.docx,downloaded,
D1,Tibetan!B28,ཤེས་རབ་སྙིང་པོ།,https://docs.google.com/document/d/1wuVy2QfTvNCZPfLiy77xx3zKr9Ibj9wBCs9s8RhUjkE/edit,folder-item,RA88988D0 བཅོམ་ལྡན་འདས་མ་ཤེས་རབ་ཀྱི་ཕ་རོལ་ཏུ་ཕྱིན་པའི་སྙིང་པོའི་འགྲེལ་པ་དོན་གྱི་སྒྲོན་མ། - Citation,Heart/D1__M29C34F4A ཤེས་རབ་སྙིང་པོ།/Resources/RA88988D0 བཅོམ་ལྡན་འདས་མ་ཤེས་རབ་ཀྱི་ཕ་རོལ་ཏུ་ཕྱིན་པའི་སྙིང་པོའི་འགྲེལ་པ་དོན་གྱི་སྒྲོན་མ།/RA88988D0 བཅོམ་ལྡན་འདས་མ་ཤེས་རབ་ཀྱི་ཕ་རོལ་ཏུ་ཕྱིན་པའི་སྙིང་པོའི་འགྲེལ་པ་དོན་གྱི་སྒྲོན་མ།- ཡིག་རྐྱང་རྩེ་ཕུད། (Best E-text)/RA88988D0 བཅོམ་ལྡན་འདས་མ་ཤེས་རབ་ཀྱི་ཕ་རོལ་ཏུ་ཕྱིན་པའི་སྙིང་པོའི་འགྲེལ་པ་དོན་གྱི་སྒྲོན་མ། - Citation.docx,downloaded,
D1,Tibetan!B28,ཤེས་རབ་སྙིང་པོ།,https://docs.google.com/document/d/1QjXaRUFuglRxKooRT3Jp43Z3IQtxtSDUKWZJogbrEj0/edit,folder-item,RA88988D0 བཅོམ་ལྡན་འདས་མ་ཤེས་རབ་ཀྱི་ཕ་རོལ་ཏུ་ཕྱིན་པའི་སྙིང་པོའི་འགྲེལ་པ་དོན་གྱི་སྒྲོན་མ། - Clean text delwa,Heart/D1__M29C34F4A ཤེས་རབ་སྙིང་པོ།/Resources/RA88988D0 བཅོམ་ལྡན་འདས་མ་ཤེས་རབ་ཀྱི་ཕ་རོལ་ཏུ་ཕྱིན་པའི་སྙིང་པོའི་འགྲེལ་པ་དོན་གྱི་སྒྲོན་མ།/RA88988D0 བཅོམ་ལྡན་འདས་མ་ཤེས་རབ་ཀྱི་ཕ་རོལ་ཏུ་ཕྱིན་པའི་སྙིང་པོའི་འགྲེལ་པ་དོན་གྱི་སྒྲོན་མ།- ཡིག་རྐྱང་རྩེ་ཕུད། (Best E-text)/RA88988D0 བཅོམ་ལྡན་འདས་མ་ཤེས་རབ་ཀྱི་ཕ་རོལ་ཏུ་ཕྱིན་པའི་སྙིང་པོའི་འགྲེལ་པ་དོན་གྱི་སྒྲོན་མ། - Clean text delwa.docx,downloaded,
D1,Tibetan!B28,ཤེས་རབ་སྙིང་པོ།,https://docs.google.com/document/d/18wozXWjhR6TB-lZPbUnC2nsA6iZ-L7lUAJkudcVJX6Y/edit,folder-item,RA88988D0 བཅོམ་ལྡན་འདས་མ་ཤེས་རབ་ཀྱི་ཕ་རོལ་ཏུ་ཕྱིན་པའི་སྙིང་པོའི་འགྲེལ་པ་དོན་གྱི་སྒྲོན་མ། - Sentence- Segm,Heart/D1__M29C34F4A ཤེས་རབ་སྙིང་པོ།/Resources/RA88988D0 བཅོམ་ལྡན་འདས་མ་ཤེས་རབ་ཀྱི་ཕ་རོལ་ཏུ་ཕྱིན་པའི་སྙིང་པོའི་འགྲེལ་པ་དོན་གྱི་སྒྲོན་མ།/RA88988D0 བཅོམ་ལྡན་འདས་མ་ཤེས་རབ་ཀྱི་ཕ་རོལ་ཏུ་ཕྱིན་པའི་སྙིང་པོའི་འགྲེལ་པ་དོན་གྱི་སྒྲོན་མ།- ཡིག་རྐྱང་རྩེ་ཕུད། (Best E-text)/RA88988D0 བཅོམ་ལྡན་འདས་མ་ཤེས་རབ་ཀྱི་ཕ་རོལ་ཏུ་ཕྱིན་པའི་སྙིང་པོའི་འགྲེལ་པ་དོན་གྱི་སྒྲོན་མ། - Sentence- Segm.docx,downloaded,
D1,Tibetan!B28,ཤེས་རབ་སྙིང་པོ།,https://docs.google.com/document/d/1Ks2Dc5GSLj03_gE3a7V4lXeATvTv1Q9zcEQ7JNJtOSU/edit,folder-item,RA88988D0 བཅོམ་ལྡན་འདས་མ་ཤེས་རབ་ཀྱི་ཕ་རོལ་ཏུ་ཕྱིན་པའི་སྙིང་པོའི་འགྲེལ་པ་དོན་གྱི་སྒྲོན་མ། - TOC,Heart/D1__M29C34F4A ཤེས་རབ་སྙིང་པོ།/Resources/RA88988D0 བཅོམ་ལྡན་འདས་མ་ཤེས་རབ་ཀྱི་ཕ་རོལ་ཏུ་ཕྱིན་པའི་སྙིང་པོའི་འགྲེལ་པ་དོན་གྱི་སྒྲོན་མ།/RA88988D0 བཅོམ་ལྡན་འདས་མ་ཤེས་རབ་ཀྱི་ཕ་རོལ་ཏུ་ཕྱིན་པའི་སྙིང་པོའི་འགྲེལ་པ་དོན་གྱི་སྒྲོན་མ།- ཡིག་རྐྱང་རྩེ་ཕུད། (Best E-text)/RA88988D0 བཅོམ་ལྡན་འདས་མ་ཤེས་རབ་ཀྱི་ཕ་རོལ་ཏུ་ཕྱིན་པའི་སྙིང་པོའི་འགྲེལ་པ་དོན་གྱི་སྒྲོན་མ། - TOC.docx,downloaded,
D1,Tibetan!B28,ཤེས་རབ་སྙིང་པོ།,https://docs.google.com/document/d/1cU7N0SlB9RzhaCMG402ExqBCORMBwr1kEA3YOxgn7o0/edit,folder-item,RA88988D0 བཅོམ་ལྡན་འདས་མ་ཤེས་རབ་ཀྱི་ཕ་རོལ་ཏུ་ཕྱིན་པའི་སྙིང་པོའི་འགྲེལ་པ་དོན་གྱི་སྒྲོན་མ། - Tsadeel,Heart/D1__M29C34F4A ཤེས་རབ་སྙིང་པོ།/Resources/RA88988D0 བཅོམ་ལྡན་འདས་མ་ཤེས་རབ་ཀྱི་ཕ་རོལ་ཏུ་ཕྱིན་པའི་སྙིང་པོའི་འགྲེལ་པ་དོན་གྱི་སྒྲོན་མ།/RA88988D0 བཅོམ་ལྡན་འདས་མ་ཤེས་རབ་ཀྱི་ཕ་རོལ་ཏུ་ཕྱིན་པའི་སྙིང་པོའི་འགྲེལ་པ་དོན་གྱི་སྒྲོན་མ།- ཡིག་རྐྱང་རྩེ་ཕུད། (Best E-text)/RA88988D0 བཅོམ་ལྡན་འདས་མ་ཤེས་རབ་ཀྱི་ཕ་རོལ་ཏུ་ཕྱིན་པའི་སྙིང་པོའི་འགྲེལ་པ་དོན་གྱི་སྒྲོན་མ། - Tsadeel.docx,downloaded,
D1,Tibetan!B28,ཤེས་རབ་སྙིང་པོ།,https://docs.google.com/spreadsheets/d/1vAp1obPCH9jMA4HVK72Cl3tG3xNYlZMry92oZATv0bQ/edit,folder-item,RA88988D0 བཅོམ་ལྡན་འདས་མ་ཤེས་རབ་ཀྱི་ཕ་རོལ་ཏུ་ཕྱིན་པའི་སྙིང་པོའི་འགྲེལ་པ་དོན་གྱི་སྒྲོན་མ།- Metadata,Heart/D1__M29C34F4A ཤེས་རབ་སྙིང་པོ།/Resources/RA88988D0 བཅོམ་ལྡན་འདས་མ་ཤེས་རབ་ཀྱི་ཕ་རོལ་ཏུ་ཕྱིན་པའི་སྙིང་པོའི་འགྲེལ་པ་དོན་གྱི་སྒྲོན་མ།/RA88988D0 བཅོམ་ལྡན་འདས་མ་ཤེས་རབ་ཀྱི་ཕ་རོལ་ཏུ་ཕྱིན་པའི་སྙིང་པོའི་འགྲེལ་པ་དོན་གྱི་སྒྲོན་མ།- ཡིག་རྐྱང་རྩེ་ཕུད། (Best E-text)/RA88988D0 བཅོམ་ལྡན་འདས་མ་ཤེས་རབ་ཀྱི་ཕ་རོལ་ཏུ་ཕྱིན་པའི་སྙིང་པོའི་འགྲེལ་པ་དོན་གྱི་སྒྲོན་མ།- Metadata.xlsx,downloaded,
D1,Tibetan!B28,ཤེས་རབ་སྙིང་པོ།,https://docs.google.com/document/d/1kv2fPUM3eOky9ixWU1Rlsp9RwixrsObtmy1PhHObopc/edit,folder-item,RA88988D0 ཤེས་རབ་སྙིང་པོ། -Root text Tsadel,Heart/D1__M29C34F4A ཤེས་རབ་སྙིང་པོ།/Resources/RA88988D0 བཅོམ་ལྡན་འདས་མ་ཤེས་རབ་ཀྱི་ཕ་རོལ་ཏུ་ཕྱིན་པའི་སྙིང་པོའི་འགྲེལ་པ་དོན་གྱི་སྒྲོན་མ།/RA88988D0 བཅོམ་ལྡན་འདས་མ་ཤེས་རབ་ཀྱི་ཕ་རོལ་ཏུ་ཕྱིན་པའི་སྙིང་པོའི་འགྲེལ་པ་དོན་གྱི་སྒྲོན་མ།- ཡིག་རྐྱང་རྩེ་ཕུད། (Best E-text)/RA88988D0 ཤེས་རབ་སྙིང་པོ། -Root text Tsadel.docx,downloaded,
D1,Tibetan!B28,ཤེས་རབ་སྙིང་པོ།,https://docs.google.com/spreadsheets/d/15qKKLgdbTv6cmKDt-15xdjgxxBZZhwhu4Iwa86_xNHM/edit,folder-item,RA88988D0 བཅོམ་ལྡན་འདས་མ་ཤེས་རབ་ཀྱི་ཕ་རོལ་ཏུ་ཕྱིན་པའི་སྙིང་པོའི་འགྲེལ་པ་དོན་གྱི་སྒྲོན་མ།,Heart/D1__M29C34F4A ཤེས་རབ་སྙིང་པོ།/Resources/RA88988D0 བཅོམ་ལྡན་འདས་མ་ཤེས་རབ་ཀྱི་ཕ་རོལ་ཏུ་ཕྱིན་པའི་སྙིང་པོའི་འགྲེལ་པ་དོན་གྱི་སྒྲོན་མ།/RA88988D0 བཅོམ་ལྡན་འདས་མ་ཤེས་རབ་ཀྱི་ཕ་རོལ་ཏུ་ཕྱིན་པའི་སྙིང་པོའི་འགྲེལ་པ་དོན་གྱི་སྒྲོན་མ།.xlsx,downloaded,
D1,Tibetan!B28,ཤེས་རབ་སྙིང་པོ།,https://docs.google.com/spreadsheets/d/1zr091cKD--PnfgpXuHFkBF2FDWFEVenFLeImftBUqxM/edit,folder-item,RAB7B8803 ཤེས་རབ་སྙིང་པོའི་རྣམ་བཤད་ཀླུ་སྒྲུབ་ཀྱི་དགོངས་པ་གསལ་བར་བསྟན་པ།,Heart/D1__M29C34F4A ཤེས་རབ་སྙིང་པོ།/Resources/RAB7B8803 ཤེས་རབ་སྙིང་པོའི་རྣམ་བཤད་ཀླུ་སྒྲུབ་ཀྱི་དགོངས་པ་གསལ་བར་བསྟན་པ།/RAB7B8803 ཤེས་རབ་སྙིང་པོའི་རྣམ་བཤད་ཀླུ་སྒྲུབ་ཀྱི་དགོངས་པ་གསལ་བར་བསྟན་པ།.xlsx,downloaded,
D1,Tibetan!B28,ཤེས་རབ་སྙིང་པོ།,https://docs.google.com/document/d/1Pg_v6eYhsCiRHX_kZ7L4Qzbr6m_GXrUnPZ4xoVyU_q0/edit,folder-item,RABA2516A ཤེར་སྙིང་ཉམས་ལེན་གྱི་ལྷན་ཐབས་ཟབ་དོན་སྙིང་པོ། B-2 #,Heart/D1__M29C34F4A ཤེས་རབ་སྙིང་པོ།/Resources/RABA2516A ཤེར་སྙིང་ཉམས་ལེན་གྱི་ལྷན་ཐབས་ཟབ་དོན་སྙིང་པོ།/Cleaned text/RABA2516A ཤེར་སྙིང་ཉམས་ལེན་གྱི་ལྷན་ཐབས་ཟབ་དོན་སྙིང་པོ། B-2 #.docx,downloaded,
D1,Tibetan!B28,ཤེས་རབ་སྙིང་པོ།,https://docs.google.com/document/d/1Ipss-9CxF21D47yIqXnc3cYcMlnHn34G-EP5DOxXK-g/edit,folder-item,RABA2516A ཤེར་སྙིང་ཉམས་ལེན་གྱི་ལྷན་ཐབས་ཟབ་དོན་སྙིང་པོ།-E3,Heart/D1__M29C34F4A ཤེས་རབ་སྙིང་པོ།/Resources/RABA2516A ཤེར་སྙིང་ཉམས་ལེན་གྱི་ལྷན་ཐབས་ཟབ་དོན་སྙིང་པོ།/Cleaned text/RABA2516A ཤེར་སྙིང་ཉམས་ལེན་གྱི་ལྷན་ཐབས་ཟབ་དོན་སྙིང་པོ།-E3.docx,downloaded,
D1,Tibetan!B28,ཤེས་རབ་སྙིང་པོ།,https://docs.google.com/document/d/1ck4sVyrz8oq6zy5tkwFwmyWoyYXOquFcVYPze2vNo1s/edit,folder-item,RABA2516A ཤེར་སྙིང་ཉམས་ལེན་གྱི་ལྷན་ཐབས་ཟབ་དོན་སྙིང་པོ།-E4,Heart/D1__M29C34F4A ཤེས་རབ་སྙིང་པོ།/Resources/RABA2516A ཤེར་སྙིང་ཉམས་ལེན་གྱི་ལྷན་ཐབས་ཟབ་དོན་སྙིང་པོ།/Cleaned text/RABA2516A ཤེར་སྙིང་ཉམས་ལེན་གྱི་ལྷན་ཐབས་ཟབ་དོན་སྙིང་པོ།-E4.docx,downloaded,
D1,Tibetan!B28,ཤེས་རབ་སྙིང་པོ།,https://docs.google.com/document/d/17dLTdKnjxaCthKSvmCqvv9P70AeyH5zM_lL2v01GqU8/edit,folder-item,RABA2516A ཤེར་སྙིང་ཉམས་ལེན་གྱི་ལྷན་ཐབས་ཟབ་དོན་སྙིང་པོ།-E5,Heart/D1__M29C34F4A ཤེས་རབ་སྙིང་པོ།/Resources/RABA2516A ཤེར་སྙིང་ཉམས་ལེན་གྱི་ལྷན་ཐབས་ཟབ་དོན་སྙིང་པོ།/Cleaned text/RABA2516A ཤེར་སྙིང་ཉམས་ལེན་གྱི་ལྷན་ཐབས་ཟབ་དོན་སྙིང་པོ།-E5.docx,downloaded,
D1,Tibetan!B28,ཤེས་རབ་སྙིང་པོ།,https://docs.google.com/document/d/1TPJBXd0PnX62fQYUQqHuyrGlki88pb1dkAQBeHxJo3M/edit,folder-item,Common Spell Without Note,Heart/D1__M29C34F4A ཤེས་རབ་སྙིང་པོ།/Resources/RABA2516A ཤེར་སྙིང་ཉམས་ལེན་གྱི་ལྷན་ཐབས་ཟབ་དོན་སྙིང་པོ།/RABA2516A ཤེར་སྙིང་ཉམས་ལེན་གྱི་ལྷན་ཐབས་ཟབ་དོན་སྙིང་པོ། - ཡིག་རྐྱང་རྩེ་ཕུད། (Best E-text)/Common Spell Without Note.docx,downloaded,
D1,Tibetan!B28,ཤེས་རབ་སྙིང་པོ།,https://drive.google.com/file/d/1U-G0-U-M9JFT13GJN4iQKNRyDlKbThC-/view,folder-item,common_spell With Note.docx,,failed,"Uploaded .docx you can view, but it is not shared by link: Drive only serves it to a normal browser download, which cannot be captured into the zip (in-page fetch blocked by CORS). File itself is accessible."
D1,Tibetan!B28,ཤེས་རབ་སྙིང་པོ།,https://docs.google.com/document/d/1guhnsYAgGJcb7bpT-xFyw70hxYYKys_hjLVntZQtRaY/edit,folder-item,RABA2516A ཤེར་སྙིང་ཉམས་ལེན་གྱི་ལྷན་ཐབས་ཟབ་དོན་སྙིང་པོ།-Segmentation,Heart/D1__M29C34F4A ཤེས་རབ་སྙིང་པོ།/Resources/RABA2516A ཤེར་སྙིང་ཉམས་ལེན་གྱི་ལྷན་ཐབས་ཟབ་དོན་སྙིང་པོ།/RABA2516A ཤེར་སྙིང་ཉམས་ལེན་གྱི་ལྷན་ཐབས་ཟབ་དོན་སྙིང་པོ། - ཡིག་རྐྱང་རྩེ་ཕུད། (Best E-text)/RABA2516A ཤེར་སྙིང་ཉམས་ལེན་གྱི་ལྷན་ཐབས་ཟབ་དོན་སྙིང་པོ།-Segmentation.docx,downloaded,
D1,Tibetan!B28,ཤེས་རབ་སྙིང་པོ།,https://docs.google.com/spreadsheets/d/1x3GQjFtQD0iTS0zh2tOkM95ufWNfUW-mL19MItS8eH0/edit,folder-item,RABA2516A ཤེར་སྙིང་ཉམས་ལེན་གྱི་ལྷན་ཐབས་ཟབ་དོན་སྙིང་པོ།,Heart/D1__M29C34F4A ཤེས་རབ་སྙིང་པོ།/Resources/RABA2516A ཤེར་སྙིང་ཉམས་ལེན་གྱི་ལྷན་ཐབས་ཟབ་དོན་སྙིང་པོ།/RABA2516A ཤེར་སྙིང་ཉམས་ལེན་གྱི་ལྷན་ཐབས་ཟབ་དོན་སྙིང་པོ།.xlsx,downloaded,
D1,Tibetan!B28,ཤེས་རབ་སྙིང་པོ།,https://docs.google.com/spreadsheets/d/18I98DDBJ4j0AYhEaAUaiwKbZ71kIlCh4axdt7KJdgVY/edit,folder-item,RAE37B1C5,Heart/D1__M29C34F4A ཤེས་རབ་སྙིང་པོ།/Resources/RAE37B1C5/RAE37B1C5.xlsx,downloaded,
D1,Tibetan!B28,ཤེས་རབ་སྙིང་པོ།,https://drive.google.com/file/d/1K9Be_u5koNYVPVUbzMTiIHXH71HuLhaS/view,folder-item,ཤེས་རབ་ཀྱི་ཕ་རོལ་ཏུ་ཕྱིན་འི་་སྙིང་པོའི་མདོ་རྣམ་པར་བཤད་པ་སྔོན་མེད་ལེགས་བཤད་བཞུགས་སོ།།,Heart/D1__M29C34F4A ཤེས་རབ་སྙིང་པོ།/Resources/RAE37B1C5/ཤེས་རབ་ཀྱི་ཕ་རོལ་ཏུ་ཕྱིན་འི་་སྙིང་པོའི་མདོ་རྣམ་པར་བཤད་པ་སྔོན་མེད་ལེགས་བཤད་བཞུགས་སོ།།,downloaded,
D1,Tibetan!B28,ཤེས་རབ་སྙིང་པོ།,https://drive.google.com/file/d/1qCduZr1JbEOe26D2kcSj7aYi8nKVcgas/view,folder-item,ཤེས་རབ་ཀྱི་ཕ་རོལ་ཏུ་ཕྱིན་འི་་སྙིང་པོའི་མདོ་རྣམ་པར་བཤད་པ་སྔོན་མེད་ལེགས་བཤད་བཞུགས་སོ།།.txt,Heart/D1__M29C34F4A ཤེས་རབ་སྙིང་པོ།/Resources/RAE37B1C5/ཤེས་རབ་ཀྱི་ཕ་རོལ་ཏུ་ཕྱིན་འི་་སྙིང་པོའི་མདོ་རྣམ་པར་བཤད་པ་སྔོན་མེད་ལེགས་བཤད་བཞུགས་སོ།།.txt,downloaded,
D1,Tibetan!B28,ཤེས་རབ་སྙིང་པོ།,https://docs.google.com/spreadsheets/d/1sQy05QQc383o7Qs14nLv7nRiUMIbAPHLE_HimYBNAqc/edit,folder-item,RB478D85D,Heart/D1__M29C34F4A ཤེས་རབ་སྙིང་པོ།/Resources/RB478D85D ཤེས་རབ་སྙིང་པོའི་བསྡུས་དོན་ས་བཅད།/RB478D85D.xlsx,downloaded,
D1,Tibetan!B28,ཤེས་རབ་སྙིང་པོ།,https://docs.google.com/document/d/1AvnQ6E7x931QYSOdYrqn3VvpMUnf6p8ncFL7fOybZCk/edit,folder-item,RB76B7B48 ༄༅། །ཤེར་ཕྱིན་སྙིང་པོའི་མདོའི་གི་ཚིག་འགྲེལ་རྨད་དུ་བྱུང་བ་བཞུགས། B-2,Heart/D1__M29C34F4A ཤེས་རབ་སྙིང་པོ།/Resources/RB76B7B48 ཤེར་ཕྱིན་སྙིང་པོའི་མདོའི་ཚིག་འགྲེལ་རྨད་དུ་བྱུང་བ་བཞུགས།/Cleaned Text/RB76B7B48 ༄༅། །ཤེར་ཕྱིན་སྙིང་པོའི་མདོའི་གི་ཚིག་འགྲེལ་རྨད་དུ་བྱུང་བ་བཞུགས། B-2.docx,downloaded,
D1,Tibetan!B28,ཤེས་རབ་སྙིང་པོ།,https://docs.google.com/document/d/1qe3tu04MZ9XkXcVxvc1b5WKUHIvmTtIgceileUwXWkY/edit,folder-item,RB76B7B48 ཤེས་སྙིང་གི་ཚིག་འགྲེལ། B-3 #,Heart/D1__M29C34F4A ཤེས་རབ་སྙིང་པོ།/Resources/RB76B7B48 ཤེར་ཕྱིན་སྙིང་པོའི་མདོའི་ཚིག་འགྲེལ་རྨད་དུ་བྱུང་བ་བཞུགས།/Cleaned Text/RB76B7B48 ཤེས་སྙིང་གི་ཚིག་འགྲེལ། B-3 #.docx,downloaded,
D1,Tibetan!B28,ཤེས་རབ་སྙིང་པོ།,https://docs.google.com/document/d/1sOJD5oYHXh6It28n8kDMQb5q5NDOMnhehfhaO0jDQRk/edit,folder-item,RB76B7B48 ཤེས་སྙིང་གི་ཚིག་འགྲེལ། E-2,Heart/D1__M29C34F4A ཤེས་རབ་སྙིང་པོ།/Resources/RB76B7B48 ཤེར་ཕྱིན་སྙིང་པོའི་མདོའི་ཚིག་འགྲེལ་རྨད་དུ་བྱུང་བ་བཞུགས།/Cleaned Text/RB76B7B48 ཤེས་སྙིང་གི་ཚིག་འགྲེལ། E-2.docx,downloaded,
D1,Tibetan!B28,ཤེས་རབ་སྙིང་པོ།,https://docs.google.com/document/d/1q-rhve1HLbZq6shfabwuI3SIDGazjO9GYeGitFU7lFk/edit,folder-item,1715840558836-RB76B7B48 ཤེར་ཕྱིན་སྙིང་པོའི་མདོའི་ཚིག་འགྲེལ་རྨད་དུ་བྱུང་བ་བཞུགས།-B2,Heart/D1__M29C34F4A ཤེས་རབ་སྙིང་པོ།/Resources/RB76B7B48 ཤེར་ཕྱིན་སྙིང་པོའི་མདོའི་ཚིག་འགྲེལ་རྨད་དུ་བྱུང་བ་བཞུགས།/OCR/1715840558836-RB76B7B48 ཤེར་ཕྱིན་སྙིང་པོའི་མདོའི་ཚིག་འགྲེལ་རྨད་དུ་བྱུང་བ་བཞུགས།-B2.docx,downloaded,
D1,Tibetan!B28,ཤེས་རབ་སྙིང་པོ།,https://drive.google.com/file/d/1ar9CpDZpiqX7fMg-Ogpf1IAelE246Z5L/view,folder-item,RB76B7B48 ཤེར་ཕྱིན་སྙིང་པོའི་མདོའི་ཚིག་འགྲེལ་རྨད་དུ་བྱུང་བ་བཞུགས།-B2.pdf,Heart/D1__M29C34F4A ཤེས་རབ་སྙིང་པོ།/Resources/RB76B7B48 ཤེར་ཕྱིན་སྙིང་པོའི་མདོའི་ཚིག་འགྲེལ་རྨད་དུ་བྱུང་བ་བཞུགས།/OCR/RB76B7B48 ཤེར་ཕྱིན་སྙིང་པོའི་མདོའི་ཚིག་འགྲེལ་རྨད་དུ་བྱུང་བ་བཞུགས།-B2.pdf,downloaded,
D1,Tibetan!B28,ཤེས་རབ་སྙིང་པོ།,https://docs.google.com/document/d/16Ozan1pduAdlL8DQ7Du2y3zrW-xS1O4XFeMYQaaXjno/edit,folder-item,Common Spell Without Note,Heart/D1__M29C34F4A ཤེས་རབ་སྙིང་པོ།/Resources/RB76B7B48 ཤེར་ཕྱིན་སྙིང་པོའི་མདོའི་ཚིག་འགྲེལ་རྨད་དུ་བྱུང་བ་བཞུགས།/RB76B7B48 ཤེར་ཕྱིན་སྙིང་པོའི་མདོའི་ཚིག་འགྲེལ་རྨད་དུ་བྱུང་བ་བཞུགས། - ཡིག་རྐྱང་རྩེ་ཕུད། (Best E-text)/Common Spell Without Note.docx,downloaded,
D1,Tibetan!B28,ཤེས་རབ་སྙིང་པོ།,https://drive.google.com/file/d/1-yq-cID5TCuGUPKukyj6djtfDouDEzn6/view,folder-item,common_spell With Note.docx,,failed,"Uploaded .docx you can view, but it is not shared by link: Drive only serves it to a normal browser download, which cannot be captured into the zip (in-page fetch blocked by CORS). File itself is accessible."
D1,Tibetan!B28,ཤེས་རབ་སྙིང་པོ།,https://docs.google.com/document/d/1KNZ9DheqCKEfeTYLTGRCXMloLAHKH-Npc7y61q7LR8k/edit,folder-item,RB76B7B48 ཤེར་ཕྱིན་སྙིང་པོའི་མདོའི་ཚིག་འགྲེལ་རྨད་དུ་བྱུང་བ་བཞུགས། -Segmentation,Heart/D1__M29C34F4A ཤེས་རབ་སྙིང་པོ།/Resources/RB76B7B48 ཤེར་ཕྱིན་སྙིང་པོའི་མདོའི་ཚིག་འགྲེལ་རྨད་དུ་བྱུང་བ་བཞུགས།/RB76B7B48 ཤེར་ཕྱིན་སྙིང་པོའི་མདོའི་ཚིག་འགྲེལ་རྨད་དུ་བྱུང་བ་བཞུགས། - ཡིག་རྐྱང་རྩེ་ཕུད། (Best E-text)/RB76B7B48 ཤེར་ཕྱིན་སྙིང་པོའི་མདོའི་ཚིག་འགྲེལ་རྨད་དུ་བྱུང་བ་བཞུགས། -Segmentation.docx,downloaded,
D1,Tibetan!B28,ཤེས་རབ་སྙིང་པོ།,https://docs.google.com/document/d/1blPX0gNwEdCMdAGGcQyT7R8JsC7KyWRvG8eWfoFSnk8/edit,folder-item,RB76B7B48 ཤེར་ཕྱིན་སྙིང་པོའི་མདོའི་ཚིག་འགྲེལ་རྨད་དུ་བྱུང་བ་བཞུགས། -Citation,Heart/D1__M29C34F4A ཤེས་རབ་སྙིང་པོ།/Resources/RB76B7B48 ཤེར་ཕྱིན་སྙིང་པོའི་མདོའི་ཚིག་འགྲེལ་རྨད་དུ་བྱུང་བ་བཞུགས།/RB76B7B48 ཤེར་ཕྱིན་སྙིང་པོའི་མདོའི་ཚིག་འགྲེལ་རྨད་དུ་བྱུང་བ་བཞུགས། -Citation.docx,downloaded,
D1,Tibetan!B28,ཤེས་རབ་སྙིང་པོ།,https://docs.google.com/document/d/1IV83UlvBoIr1PwEwYLN7KaKoOFZBjr2f9WYjKaYf900/edit,folder-item,RB76B7B48 ཤེར་ཕྱིན་སྙིང་པོའི་མདོའི་ཚིག་འགྲེལ་རྨད་དུ་བྱུང་བ་བཞུགས། -Clean Texts,Heart/D1__M29C34F4A ཤེས་རབ་སྙིང་པོ།/Resources/RB76B7B48 ཤེར་ཕྱིན་སྙིང་པོའི་མདོའི་ཚིག་འགྲེལ་རྨད་དུ་བྱུང་བ་བཞུགས།/RB76B7B48 ཤེར་ཕྱིན་སྙིང་པོའི་མདོའི་ཚིག་འགྲེལ་རྨད་དུ་བྱུང་བ་བཞུགས། -Clean Texts.docx,downloaded,
D1,Tibetan!B28,ཤེས་རབ་སྙིང་པོ།,https://docs.google.com/document/d/1MpD_FQC2l2IUy09LXj6rgyHnAXpU-TgsV7S7VicuuMo/edit,folder-item,RB76B7B48 ཤེར་ཕྱིན་སྙིང་པོའི་མདོའི་ཚིག་འགྲེལ་རྨད་དུ་བྱུང་བ་བཞུགས། -Sentenc-Segm,Heart/D1__M29C34F4A ཤེས་རབ་སྙིང་པོ།/Resources/RB76B7B48 ཤེར་ཕྱིན་སྙིང་པོའི་མདོའི་ཚིག་འགྲེལ་རྨད་དུ་བྱུང་བ་བཞུགས།/RB76B7B48 ཤེར་ཕྱིན་སྙིང་པོའི་མདོའི་ཚིག་འགྲེལ་རྨད་དུ་བྱུང་བ་བཞུགས། -Sentenc-Segm.docx,downloaded,
D1,Tibetan!B28,ཤེས་རབ་སྙིང་པོ།,https://docs.google.com/document/d/1BqtUpRkoXdsPEHvitlI42_mq6aPC_5c1lFw9xTyQjCs/edit,folder-item,RB76B7B48 ཤེར་ཕྱིན་སྙིང་པོའི་མདོའི་ཚིག་འགྲེལ་རྨད་དུ་བྱུང་བ་བཞུགས། -TOC,Heart/D1__M29C34F4A ཤེས་རབ་སྙིང་པོ།/Resources/RB76B7B48 ཤེར་ཕྱིན་སྙིང་པོའི་མདོའི་ཚིག་འགྲེལ་རྨད་དུ་བྱུང་བ་བཞུགས།/RB76B7B48 ཤེར་ཕྱིན་སྙིང་པོའི་མདོའི་ཚིག་འགྲེལ་རྨད་དུ་བྱུང་བ་བཞུགས། -TOC.docx,downloaded,
D1,Tibetan!B28,ཤེས་རབ་སྙིང་པོ།,https://docs.google.com/document/d/1-2AEeB2aX9i3_FSN4GUEVxdxD_pA9AbWMD8qYQS3s9Y/edit,folder-item,RB76B7B48 ཤེར་ཕྱིན་སྙིང་པོའི་མདོའི་ཚིག་འགྲེལ་རྨད་དུ་བྱུང་བ་བཞུགས། -Tsadel,Heart/D1__M29C34F4A ཤེས་རབ་སྙིང་པོ།/Resources/RB76B7B48 ཤེར་ཕྱིན་སྙིང་པོའི་མདོའི་ཚིག་འགྲེལ་རྨད་དུ་བྱུང་བ་བཞུགས།/RB76B7B48 ཤེར་ཕྱིན་སྙིང་པོའི་མདོའི་ཚིག་འགྲེལ་རྨད་དུ་བྱུང་བ་བཞུགས། -Tsadel.docx,downloaded,
D1,Tibetan!B28,ཤེས་རབ་སྙིང་པོ།,https://docs.google.com/spreadsheets/d/1opiZwcFD7nGnHBwouXTmAxXdU4ancXDO2wuccPNkok0/edit,folder-item,RB76B7B48 ཤེར་ཕྱིན་སྙིང་པོའི་མདོའི་ཚིག་འགྲེལ་རྨད་དུ་བྱུང་བ་བཞུགས། Metadata,Heart/D1__M29C34F4A ཤེས་རབ་སྙིང་པོ།/Resources/RB76B7B48 ཤེར་ཕྱིན་སྙིང་པོའི་མདོའི་ཚིག་འགྲེལ་རྨད་དུ་བྱུང་བ་བཞུགས།/RB76B7B48 ཤེར་ཕྱིན་སྙིང་པོའི་མདོའི་ཚིག་འགྲེལ་རྨད་དུ་བྱུང་བ་བཞུགས། Metadata.xlsx,downloaded,
D1,Tibetan!B28,ཤེས་རབ་སྙིང་པོ།,https://docs.google.com/document/d/1Lnw7Pe_kQjRJD_6mmwUQHrNPC4iE7uf-ZnBw12fV-6A/edit,folder-item,RB76B7B48 ཤེས་རབ་སྙིང་པོ། -Root Text Tsadel,Heart/D1__M29C34F4A ཤེས་རབ་སྙིང་པོ།/Resources/RB76B7B48 ཤེར་ཕྱིན་སྙིང་པོའི་མདོའི་ཚིག་འགྲེལ་རྨད་དུ་བྱུང་བ་བཞུགས།/RB76B7B48 ཤེས་རབ་སྙིང་པོ། -Root Text Tsadel.docx,downloaded,
D1,Tibetan!B28,ཤེས་རབ་སྙིང་པོ།,https://drive.google.com/file/d/1LlLm1mfzzJtTlLPYUvJHImwZ1Jb3o-6x/view,folder-item,RBEAD9D91 ཤེར་སྙིང་གི་མདོའི་སྦས་དོན་མངོན་རྟོགས་གསལ་བའི་ཉི་མ།.pdf,Heart/D1__M29C34F4A ཤེས་རབ་སྙིང་པོ།/Resources/RBEAD9D91 ཤེར་སྙིང་གི་མདོའི་སྦས་དོན་མངོན་རྟོགས་གསལ་བའི་ཉི་མ།/Others/RBEAD9D91 ཤེར་སྙིང་གི་མདོའི་སྦས་དོན་མངོན་རྟོགས་གསལ་བའི་ཉི་མ།.pdf,downloaded,
D1,Tibetan!B28,ཤེས་རབ་སྙིང་པོ།,https://drive.google.com/file/d/1lsX0VTYpghE-rxRFgrQytTyl090aymNd/view,folder-item,RBEAD9D91 ཤེར་སྙིང་གི་མདོའི་སྦས་དོན་མངོན་རྟོགས་གསལ་བའི་ཉི་མ།.txt,Heart/D1__M29C34F4A ཤེས་རབ་སྙིང་པོ།/Resources/RBEAD9D91 ཤེར་སྙིང་གི་མདོའི་སྦས་དོན་མངོན་རྟོགས་གསལ་བའི་ཉི་མ།/Others/RBEAD9D91 ཤེར་སྙིང་གི་མདོའི་སྦས་དོན་མངོན་རྟོགས་གསལ་བའི་ཉི་མ།.txt,downloaded,
D1,Tibetan!B28,ཤེས་རབ་སྙིང་པོ།,https://docs.google.com/document/d/1pkBMnggl6Jx-qsQdDSDBgM6ggPVNu9qx6fb9ZvcoQQE/edit,folder-item,RBEAD9D91 ཤེར་སྙིང་གི་མདོའི་སྦས་དོན་མངོན་རྟོགས་གསལ་བའི་ཉི་མ། B-2,Heart/D1__M29C34F4A ཤེས་རབ་སྙིང་པོ།/Resources/RBEAD9D91 ཤེར་སྙིང་གི་མདོའི་སྦས་དོན་མངོན་རྟོགས་གསལ་བའི་ཉི་མ།/RBEAD9D91 ཤེར་སྙིང་གི་མདོའི་སྦས་དོན་མངོན་རྟོགས་གསལ་བའི་ཉི་མ།  - ཡིག་རྐྱང་རྩེ་ཕུད། (Best E-text)/RBEAD9D91 ཤེར་སྙིང་གི་མདོའི་སྦས་དོན་མངོན་རྟོགས་གསལ་བའི་ཉི་མ། B-2.docx,downloaded,
D1,Tibetan!B28,ཤེས་རབ་སྙིང་པོ།,https://docs.google.com/document/d/1gkIKOXzUbe7-my0TQJlDe17_CXusmQH5fBFDfMvKXjY/edit,folder-item,RBEAD9D91 ཤེར་སྙིང་གི་མདོའི་སྦས་དོན་མངོན་རྟོགས་གསལ་བའི་ཉི་མ། B-2 Segmentation,Heart/D1__M29C34F4A ཤེས་རབ་སྙིང་པོ།/Resources/RBEAD9D91 ཤེར་སྙིང་གི་མདོའི་སྦས་དོན་མངོན་རྟོགས་གསལ་བའི་ཉི་མ།/RBEAD9D91 ཤེར་སྙིང་གི་མདོའི་སྦས་དོན་མངོན་རྟོགས་གསལ་བའི་ཉི་མ།  - ཡིག་རྐྱང་རྩེ་ཕུད། (Best E-text)/RBEAD9D91 ཤེར་སྙིང་གི་མདོའི་སྦས་དོན་མངོན་རྟོགས་གསལ་བའི་ཉི་མ། B-2 Segmentation.docx,downloaded,
D1,Tibetan!B28,ཤེས་རབ་སྙིང་པོ།,https://docs.google.com/spreadsheets/d/11gGj654poeC74APOg1Nbl7nxjei16wYrNQuo22nGSCo/edit,folder-item,RBEAD9D91 ཤེར་སྙིང་གི་མདོའི་སྦས་དོན་མངོན་རྟོགས་གསལ་བའི་ཉི་མ།,Heart/D1__M29C34F4A ཤེས་རབ་སྙིང་པོ།/Resources/RBEAD9D91 ཤེར་སྙིང་གི་མདོའི་སྦས་དོན་མངོན་རྟོགས་གསལ་བའི་ཉི་མ།/RBEAD9D91 ཤེར་སྙིང་གི་མདོའི་སྦས་དོན་མངོན་རྟོགས་གསལ་བའི་ཉི་མ།.xlsx,downloaded,
D1,Tibetan!B28,ཤེས་རབ་སྙིང་པོ།,https://docs.google.com/spreadsheets/d/1Dj688FThRpK_AdODwA3J2NfkylnccD_ACSG40fpA54Q/edit,folder-item,RBFB4FBF8 ཤེས་རབ་སྙིང་པོའི་རྣམ་བཤད་ཉིན་བྱེད་དབང་པོ།,Heart/D1__M29C34F4A ཤེས་རབ་སྙིང་པོ།/Resources/RBFB4FBF8 ཤེས་རབ་སྙིང་པོའི་རྣམ་བཤད་ཉིན་བྱེད་དབང་པོ།/RBFB4FBF8 ཤེས་རབ་སྙིང་པོའི་རྣམ་བཤད་ཉིན་བྱེད་དབང་པོ།.xlsx,downloaded,
D1,Tibetan!B28,ཤེས་རབ་སྙིང་པོ།,https://docs.google.com/spreadsheets/d/1QvGM3YA3LezYV0jt4l1K0xgAC7bpzCMn3ttom4tKeiw/edit,folder-item,RC66B13F0 ཤེས་རབ་སྙིང་པོ་དང་། རྟེན་འབྲེལ། བདེན་བཞི། རྒྱལ་སྲས་ལག་ལེན། བཟང་སྤྱོད། བྱངས་སྨོན་བཅས་ཀྱི་འགྲེལ་པ།  མཁན་རིན་པོ་ཆེ་ཕྲིན་ལས་རྡོ་རྗེ་དང་ཀུན་མཁྱེན་པདྨ་དཀར་པོ།,Heart/D1__M29C34F4A ཤེས་རབ་སྙིང་པོ།/Resources/RC66B13F0 ཤེས་རབ་སྙིང་པོ་དང་། རྟེན་འབྲེལ། བདེན་བཞི། རྒྱལ་སྲས་ལག་ལེན། བཟང་སྤྱོད། བྱངས་སྨོན་བཅས་ཀྱི་འགྲེལ་པ།  མཁན་རིན་པོ་ཆེ་ཕྲིན་ལས་རྡོ་རྗེ་དང་ཀུན་མཁྱེན་པདྨ་དཀར་པོ།/RC66B13F0 ཤེས་རབ་སྙིང་པོ་དང་། རྟེན་འབྲེལ། བདེན་བཞི། རྒྱལ་སྲས་ལག་ལེན། བཟང་སྤྱོད། བྱངས་སྨོན་བཅས་ཀྱི་འགྲེལ་པ།  མཁན་རིན་པོ་ཆེ་ཕྲིན་ལས་རྡོ་རྗེ་དང་ཀུན་མཁྱེན་པདྨ་དཀར་པོ།.xlsx,downloaded,
D1,Tibetan!B28,ཤེས་རབ་སྙིང་པོ།,https://docs.google.com/spreadsheets/d/1JS2Q3aI1QaqsEIL50FR17FPi3jvtp57yc6u6r_33lWw/edit,folder-item,RC9774BC9 ཤེས་རབ་སྙིང་པོའི་རྣམ་བཤད་དང་ཆོས་འཁོར་དྭོགས་གཅོད།,Heart/D1__M29C34F4A ཤེས་རབ་སྙིང་པོ།/Resources/RC9774BC9 ཤེས་རབ་སྙིང་པོའི་རྣམ་བཤད་དང་ཆོས་འཁོར་དྭོགས་གཅོད།/RC9774BC9 ཤེས་རབ་སྙིང་པོའི་རྣམ་བཤད་དང་ཆོས་འཁོར་དྭོགས་གཅོད།.xlsx,downloaded,
D1,Tibetan!B28,ཤེས་རབ་སྙིང་པོ།,https://docs.google.com/document/d/16shghIYW5c_yg6O0ZKPMqtqMb0X4ifhlELgzv_S3gvw/edit,folder-item,RCD3C8F1C འཕགས་པ་ཤེས་རབ་ཀྱི་ཕ་རོལ་ཏུ་ཕྱིན་པའི་སྙིང་པོ་རྒྱ་ཆེར་འགྲེལ་པ། - B7 #,Heart/D1__M29C34F4A ཤེས་རབ་སྙིང་པོ།/Resources/RCD3C8F1C འཕགས་པ་ཤེས་རབ་ཀྱི་ཕ་རོལ་ཏུ་ཕྱིན་པའི་སྙིང་པོ་རྒྱ་ཆེར་འགྲེལ་པ།/Cleaned Text/RCD3C8F1C འཕགས་པ་ཤེས་རབ་ཀྱི་ཕ་རོལ་ཏུ་ཕྱིན་པའི་སྙིང་པོ་རྒྱ་ཆེར་འགྲེལ་པ། - B7 #.docx,downloaded,
D1,Tibetan!B28,ཤེས་རབ་སྙིང་པོ།,https://docs.google.com/document/d/10c3n7kYEBjugZP_fUXzYutN3L5uCVXj3EUcBVqznZxc/edit,folder-item,RCD3C8F1C འཕགས་པ་ཤེས་རབ་ཀྱི་ཕ་རོལ་ཏུ་ཕྱིན་པའི་སྙིང་པོ་རྒྱ་ཆེར་འགྲེལ་པ། B-2,Heart/D1__M29C34F4A ཤེས་རབ་སྙིང་པོ།/Resources/RCD3C8F1C འཕགས་པ་ཤེས་རབ་ཀྱི་ཕ་རོལ་ཏུ་ཕྱིན་པའི་སྙིང་པོ་རྒྱ་ཆེར་འགྲེལ་པ།/Cleaned Text/RCD3C8F1C འཕགས་པ་ཤེས་རབ་ཀྱི་ཕ་རོལ་ཏུ་ཕྱིན་པའི་སྙིང་པོ་རྒྱ་ཆེར་འགྲེལ་པ། B-2.docx,downloaded,
D1,Tibetan!B28,ཤེས་རབ་སྙིང་པོ།,https://docs.google.com/document/d/1uAQ1_sjz9yMdaLKocBmXUo9kPr3jLiPDj1H3K2iNyo4/edit,folder-item,RCD3C8F1C འཕགས་པ་ཤེས་རབ་ཀྱི་ཕ་རོལ་ཏུ་ཕྱིན་པའི་སྙིང་པོ་རྒྱ་ཆེར་འགྲེལ་པ། B-3,Heart/D1__M29C34F4A ཤེས་རབ་སྙིང་པོ།/Resources/RCD3C8F1C འཕགས་པ་ཤེས་རབ་ཀྱི་ཕ་རོལ་ཏུ་ཕྱིན་པའི་སྙིང་པོ་རྒྱ་ཆེར་འགྲེལ་པ།/Cleaned Text/RCD3C8F1C འཕགས་པ་ཤེས་རབ་ཀྱི་ཕ་རོལ་ཏུ་ཕྱིན་པའི་སྙིང་པོ་རྒྱ་ཆེར་འགྲེལ་པ། B-3.docx,downloaded,
D1,Tibetan!B28,ཤེས་རབ་སྙིང་པོ།,https://docs.google.com/document/d/1SHH0w4RjCDZfTPEPrBYbtPV8yIpIxWjGnT0HqotPqkk/edit,folder-item,RCD3C8F1C འཕགས་པ་ཤེས་རབ་ཀྱི་ཕ་རོལ་ཏུ་ཕྱིན་པའི་སྙིང་པོ་རྒྱ་ཆེར་འགྲེལ་པ། B-6,Heart/D1__M29C34F4A ཤེས་རབ་སྙིང་པོ།/Resources/RCD3C8F1C འཕགས་པ་ཤེས་རབ་ཀྱི་ཕ་རོལ་ཏུ་ཕྱིན་པའི་སྙིང་པོ་རྒྱ་ཆེར་འགྲེལ་པ།/Cleaned Text/RCD3C8F1C འཕགས་པ་ཤེས་རབ་ཀྱི་ཕ་རོལ་ཏུ་ཕྱིན་པའི་སྙིང་པོ་རྒྱ་ཆེར་འགྲེལ་པ། B-6.docx,downloaded,
D1,Tibetan!B28,ཤེས་རབ་སྙིང་པོ།,https://drive.google.com/file/d/12VrMlLwsE-85Sby1gEV-3CX5LZy-iEPu/view,folder-item,RCD3C8F1C འཕགས་པ་ཤེས་རབ་ཀྱི་ཕ་རོལ་ཏུ་ཕྱིན་པའི་སྙིང་པོ་རྒྱ་ཆེར་འགྲེལ་པ།-B4.pdf,Heart/D1__M29C34F4A ཤེས་རབ་སྙིང་པོ།/Resources/RCD3C8F1C འཕགས་པ་ཤེས་རབ་ཀྱི་ཕ་རོལ་ཏུ་ཕྱིན་པའི་སྙིང་པོ་རྒྱ་ཆེར་འགྲེལ་པ།/OCR/RCD3C8F1C འཕགས་པ་ཤེས་རབ་ཀྱི་ཕ་རོལ་ཏུ་ཕྱིན་པའི་སྙིང་པོ་རྒྱ་ཆེར་འགྲེལ་པ།-B4.pdf,downloaded,
D1,Tibetan!B28,ཤེས་རབ་སྙིང་པོ།,https://drive.google.com/file/d/1s0sP-Qz9ZlNK6QwmDgjPNvjBlyyjNlsb/view,folder-item,RCD3C8F1C འཕགས་པ་ཤེས་རབ་ཀྱི་ཕ་རོལ་ཏུ་ཕྱིན་པའི་སྙིང་པོ་རྒྱ་ཆེར་འགྲེལ་པ།-B5.pdf,Heart/D1__M29C34F4A ཤེས་རབ་སྙིང་པོ།/Resources/RCD3C8F1C འཕགས་པ་ཤེས་རབ་ཀྱི་ཕ་རོལ་ཏུ་ཕྱིན་པའི་སྙིང་པོ་རྒྱ་ཆེར་འགྲེལ་པ།/OCR/RCD3C8F1C འཕགས་པ་ཤེས་རབ་ཀྱི་ཕ་རོལ་ཏུ་ཕྱིན་པའི་སྙིང་པོ་རྒྱ་ཆེར་འགྲེལ་པ།-B5.pdf,downloaded,
D1,Tibetan!B28,ཤེས་རབ་སྙིང་པོ།,https://docs.google.com/document/d/1jtQ_5OF7-w3XtK8MV3PIGlJDDZ2yiXtPg_FGihnc3KM/edit,folder-item,Common Spell Without Note,Heart/D1__M29C34F4A ཤེས་རབ་སྙིང་པོ།/Resources/RCD3C8F1C འཕགས་པ་ཤེས་རབ་ཀྱི་ཕ་རོལ་ཏུ་ཕྱིན་པའི་སྙིང་པོ་རྒྱ་ཆེར་འགྲེལ་པ།/RCD3C8F1C འཕགས་པ་ཤེས་རབ་ཀྱི་ཕ་རོལ་ཏུ་ཕྱིན་པའི་སྙིང་པོ་རྒྱ་ཆེར་འགྲེལ་པ།/Others/Common Spell Without Note.docx,downloaded,
D1,Tibetan!B28,ཤེས་རབ་སྙིང་པོ།,https://drive.google.com/file/d/10Fe2dhazEH5n3k5uqq41k34AiuymGiHQ/view,folder-item,common_spell with note.docx,,failed,"Uploaded .docx you can view, but it is not shared by link: Drive only serves it to a normal browser download, which cannot be captured into the zip (in-page fetch blocked by CORS). File itself is accessible."
D1,Tibetan!B28,ཤེས་རབ་སྙིང་པོ།,https://docs.google.com/document/d/14P20gzt9-T5ltkkIurtIdX4AzMoxwNKaZIrrknYIJnQ/edit,folder-item,RCD3C8F1C འཕགས་པ་ཤེས་རབ་ཀྱི་ཕ་རོལ་ཏུ་ཕྱིན་པའི་སྙིང་པོ་རྒྱ་ཆེར་འགྲེལ་པ།-segmentation,Heart/D1__M29C34F4A ཤེས་རབ་སྙིང་པོ།/Resources/RCD3C8F1C འཕགས་པ་ཤེས་རབ་ཀྱི་ཕ་རོལ་ཏུ་ཕྱིན་པའི་སྙིང་པོ་རྒྱ་ཆེར་འགྲེལ་པ།/RCD3C8F1C འཕགས་པ་ཤེས་རབ་ཀྱི་ཕ་རོལ་ཏུ་ཕྱིན་པའི་སྙིང་པོ་རྒྱ་ཆེར་འགྲེལ་པ།/Others/RCD3C8F1C འཕགས་པ་ཤེས་རབ་ཀྱི་ཕ་རོལ་ཏུ་ཕྱིན་པའི་སྙིང་པོ་རྒྱ་ཆེར་འགྲེལ་པ།-segmentation.docx,downloaded,
D1,Tibetan!B28,ཤེས་རབ་སྙིང་པོ།,https://docs.google.com/document/d/15QJJrUYlXp9VpNzBspFCzfK8dXQhXQ4z2Gq0uMMYiVQ/edit,folder-item,RCD3C8F1C འཕགས་པ་ཤེས་རབ་ཀྱི་ཕ་རོལ་ཏུ་ཕྱིན་པའི་སྙིང་པོ་རྒྱ་ཆེར་འགྲེལ་པ། - TOC,Heart/D1__M29C34F4A ཤེས་རབ་སྙིང་པོ།/Resources/RCD3C8F1C འཕགས་པ་ཤེས་རབ་ཀྱི་ཕ་རོལ་ཏུ་ཕྱིན་པའི་སྙིང་པོ་རྒྱ་ཆེར་འགྲེལ་པ།/RCD3C8F1C འཕགས་པ་ཤེས་རབ་ཀྱི་ཕ་རོལ་ཏུ་ཕྱིན་པའི་སྙིང་པོ་རྒྱ་ཆེར་འགྲེལ་པ།/RCD3C8F1C འཕགས་པ་ཤེས་རབ་ཀྱི་ཕ་རོལ་ཏུ་ཕྱིན་པའི་སྙིང་པོ་རྒྱ་ཆེར་འགྲེལ་པ། - TOC.docx,downloaded,
D1,Tibetan!B28,ཤེས་རབ་སྙིང་པོ།,https://docs.google.com/spreadsheets/d/10m81-6LlUEcfayIPFZ8M7lZSiXm4Um3g-spZplIyDGA/edit,folder-item,RCD3C8F1C འཕགས་པ་ཤེས་རབ་ཀྱི་ཕ་རོལ་ཏུ་ཕྱིན་པའི་སྙིང་པོ་རྒྱ་ཆེར་འགྲེལ་པ། Metadata,Heart/D1__M29C34F4A ཤེས་རབ་སྙིང་པོ།/Resources/RCD3C8F1C འཕགས་པ་ཤེས་རབ་ཀྱི་ཕ་རོལ་ཏུ་ཕྱིན་པའི་སྙིང་པོ་རྒྱ་ཆེར་འགྲེལ་པ།/RCD3C8F1C འཕགས་པ་ཤེས་རབ་ཀྱི་ཕ་རོལ་ཏུ་ཕྱིན་པའི་སྙིང་པོ་རྒྱ་ཆེར་འགྲེལ་པ།/RCD3C8F1C འཕགས་པ་ཤེས་རབ་ཀྱི་ཕ་རོལ་ཏུ་ཕྱིན་པའི་སྙིང་པོ་རྒྱ་ཆེར་འགྲེལ་པ། Metadata.xlsx,downloaded,
D1,Tibetan!B28,ཤེས་རབ་སྙིང་པོ།,https://docs.google.com/document/d/1COgAxIOBSLz7e_C1fGr9Dx6GBg_5IfmyfTVe9Kp-rQE/edit,folder-item,RCD3C8F1C འཕགས་པ་ཤེས་རབ་ཀྱི་ཕ་རོལ་ཏུ་ཕྱིན་པའི་སྙིང་པོ་རྒྱ་ཆེར་འགྲེལ་པ།- Citation,Heart/D1__M29C34F4A ཤེས་རབ་སྙིང་པོ།/Resources/RCD3C8F1C འཕགས་པ་ཤེས་རབ་ཀྱི་ཕ་རོལ་ཏུ་ཕྱིན་པའི་སྙིང་པོ་རྒྱ་ཆེར་འགྲེལ་པ།/RCD3C8F1C འཕགས་པ་ཤེས་རབ་ཀྱི་ཕ་རོལ་ཏུ་ཕྱིན་པའི་སྙིང་པོ་རྒྱ་ཆེར་འགྲེལ་པ།/RCD3C8F1C འཕགས་པ་ཤེས་རབ་ཀྱི་ཕ་རོལ་ཏུ་ཕྱིན་པའི་སྙིང་པོ་རྒྱ་ཆེར་འགྲེལ་པ།- Citation.docx,downloaded,
D1,Tibetan!B28,ཤེས་རབ་སྙིང་པོ།,https://docs.google.com/document/d/1kTgDnxQI773SxDWNHiXITN_Q5sLsvBZQRowRwwKRfLo/edit,folder-item,RCD3C8F1C འཕགས་པ་ཤེས་རབ་ཀྱི་ཕ་རོལ་ཏུ་ཕྱིན་པའི་སྙིང་པོ་རྒྱ་ཆེར་འགྲེལ་པ།- Clean Delwa text,Heart/D1__M29C34F4A ཤེས་རབ་སྙིང་པོ།/Resources/RCD3C8F1C འཕགས་པ་ཤེས་རབ་ཀྱི་ཕ་རོལ་ཏུ་ཕྱིན་པའི་སྙིང་པོ་རྒྱ་ཆེར་འགྲེལ་པ།/RCD3C8F1C འཕགས་པ་ཤེས་རབ་ཀྱི་ཕ་རོལ་ཏུ་ཕྱིན་པའི་སྙིང་པོ་རྒྱ་ཆེར་འགྲེལ་པ།/RCD3C8F1C འཕགས་པ་ཤེས་རབ་ཀྱི་ཕ་རོལ་ཏུ་ཕྱིན་པའི་སྙིང་པོ་རྒྱ་ཆེར་འགྲེལ་པ།- Clean Delwa text.docx,downloaded,
D1,Tibetan!B28,ཤེས་རབ་སྙིང་པོ།,https://docs.google.com/document/d/1CTx6NoFf6es8jyiBBzdBkr_tvhgUieA163kGRZjIqJg/edit,folder-item,RCD3C8F1C འཕགས་པ་ཤེས་རབ་ཀྱི་ཕ་རོལ་ཏུ་ཕྱིན་པའི་སྙིང་པོ་རྒྱ་ཆེར་འགྲེལ་པ།- Sentenc- Segm,Heart/D1__M29C34F4A ཤེས་རབ་སྙིང་པོ།/Resources/RCD3C8F1C འཕགས་པ་ཤེས་རབ་ཀྱི་ཕ་རོལ་ཏུ་ཕྱིན་པའི་སྙིང་པོ་རྒྱ་ཆེར་འགྲེལ་པ།/RCD3C8F1C འཕགས་པ་ཤེས་རབ་ཀྱི་ཕ་རོལ་ཏུ་ཕྱིན་པའི་སྙིང་པོ་རྒྱ་ཆེར་འགྲེལ་པ།/RCD3C8F1C འཕགས་པ་ཤེས་རབ་ཀྱི་ཕ་རོལ་ཏུ་ཕྱིན་པའི་སྙིང་པོ་རྒྱ་ཆེར་འགྲེལ་པ།- Sentenc- Segm.docx,downloaded,
D1,Tibetan!B28,ཤེས་རབ་སྙིང་པོ།,https://docs.google.com/document/d/1IuRUML9VxGzv3kGDh80VVpVtUIrnA4tBcF3cjlsr5lI/edit,folder-item,RCD3C8F1C འཕགས་པ་ཤེས་རབ་ཀྱི་ཕ་རོལ་ཏུ་ཕྱིན་པའི་སྙིང་པོ་རྒྱ་ཆེར་འགྲེལ་པ།- Tsadel,Heart/D1__M29C34F4A ཤེས་རབ་སྙིང་པོ།/Resources/RCD3C8F1C འཕགས་པ་ཤེས་རབ་ཀྱི་ཕ་རོལ་ཏུ་ཕྱིན་པའི་སྙིང་པོ་རྒྱ་ཆེར་འགྲེལ་པ།/RCD3C8F1C འཕགས་པ་ཤེས་རབ་ཀྱི་ཕ་རོལ་ཏུ་ཕྱིན་པའི་སྙིང་པོ་རྒྱ་ཆེར་འགྲེལ་པ།/RCD3C8F1C འཕགས་པ་ཤེས་རབ་ཀྱི་ཕ་རོལ་ཏུ་ཕྱིན་པའི་སྙིང་པོ་རྒྱ་ཆེར་འགྲེལ་པ།- Tsadel.docx,downloaded,
D1,Tibetan!B28,ཤེས་རབ་སྙིང་པོ།,https://docs.google.com/document/d/11AKdyGvf9cPGRyPhQKMOhL9Mbx1zFsFkDk5okWFF6Xs/edit,folder-item,RCD3C8F1C ཤེས་རབ་སྙིང་པོ། - Tsawa,Heart/D1__M29C34F4A ཤེས་རབ་སྙིང་པོ།/Resources/RCD3C8F1C འཕགས་པ་ཤེས་རབ་ཀྱི་ཕ་རོལ་ཏུ་ཕྱིན་པའི་སྙིང་པོ་རྒྱ་ཆེར་འགྲེལ་པ།/RCD3C8F1C འཕགས་པ་ཤེས་རབ་ཀྱི་ཕ་རོལ་ཏུ་ཕྱིན་པའི་སྙིང་པོ་རྒྱ་ཆེར་འགྲེལ་པ།/RCD3C8F1C ཤེས་རབ་སྙིང་པོ། - Tsawa.docx,downloaded,
D1,Tibetan!B28,ཤེས་རབ་སྙིང་པོ།,https://docs.google.com/spreadsheets/d/1NQDqhL1nKPEt6Y1pFxYC3_yYb_eVUGIPKMJYlEOwCVc/edit,folder-item,RCD3C8F1C འཕགས་པ་ཤེས་རབ་ཀྱི་ཕ་རོལ་ཏུ་ཕྱིན་པའི་སྙིང་པོ་རྒྱ་ཆེར་འགྲེལ་པ།,Heart/D1__M29C34F4A ཤེས་རབ་སྙིང་པོ།/Resources/RCD3C8F1C འཕགས་པ་ཤེས་རབ་ཀྱི་ཕ་རོལ་ཏུ་ཕྱིན་པའི་སྙིང་པོ་རྒྱ་ཆེར་འགྲེལ་པ།/RCD3C8F1C འཕགས་པ་ཤེས་རབ་ཀྱི་ཕ་རོལ་ཏུ་ཕྱིན་པའི་སྙིང་པོ་རྒྱ་ཆེར་འགྲེལ་པ།.xlsx,downloaded,
D1,Tibetan!B28,ཤེས་རབ་སྙིང་པོ།,https://docs.google.com/document/d/13pd_IG7zenvyb99WwqHHCckCRshMWbhaVrU0NJs2MIE/edit,folder-item,Annotation Specification,Heart/D1__M29C34F4A ཤེས་རབ་སྙིང་པོ།/Resources/RCDDEF0BE ཤེས་རབ་སྙིང་པོའི་འགྲེལ་བ།/Other/Annotation Specification.docx,downloaded,
D1,Tibetan!B28,ཤེས་རབ་སྙིང་པོ།,https://docs.google.com/document/d/1ftqxX1t6a6ywNdv7NGTLkTAomHFrXOWlkLDed4nIQxM/edit,folder-item,Copy of Copy of RCDDEF0BE ཤེས་རབ་སྙིང་པོའི་འགྲེལ་བ།-Tsadel,Heart/D1__M29C34F4A ཤེས་རབ་སྙིང་པོ།/Resources/RCDDEF0BE ཤེས་རབ་སྙིང་པོའི་འགྲེལ་བ།/Other/Copy of Copy of RCDDEF0BE ཤེས་རབ་སྙིང་པོའི་འགྲེལ་བ།-Tsadel.docx,downloaded,
D1,Tibetan!B28,ཤེས་རབ་སྙིང་པོ།,https://docs.google.com/document/d/167ESv_gK8Q77BkjsxCwl37FV6aYeS8vB5U_XRDwLMr0/edit,folder-item,RCDDEF0BE ཤེས་རབ་སྙིང་པོའི་འགྲེལ་བ།-B2,Heart/D1__M29C34F4A ཤེས་རབ་སྙིང་པོ།/Resources/RCDDEF0BE ཤེས་རབ་སྙིང་པོའི་འགྲེལ་བ།/Other/RCDDEF0BE ཤེས་རབ་སྙིང་པོའི་འགྲེལ་བ།-B2.docx,downloaded,
D1,Tibetan!B28,ཤེས་རབ་སྙིང་པོ།,https://docs.google.com/spreadsheets/d/1CDQ9A_5LerR43Oc2teaZh_QThJKGnrd8cyotnvL1nLw/edit,folder-item,RCDDEF0BE ཤེས་རབ་སྙིང་པོའི་འགྲེལ་བ། - Metadata,Heart/D1__M29C34F4A ཤེས་རབ་སྙིང་པོ།/Resources/RCDDEF0BE ཤེས་རབ་སྙིང་པོའི་འགྲེལ་བ།/RCDDEF0BE ཤེས་རབ་སྙིང་པོའི་འགྲེལ་བ། - Metadata.xlsx,downloaded,
D1,Tibetan!B28,ཤེས་རབ་སྙིང་པོ།,https://docs.google.com/document/d/1fnAVQW8JOIUFANddoeAnfJn7x-DCL3svceKyjMguFUU/edit,folder-item,RCDDEF0BE ཤེས་རབ་སྙིང་པོའི་འགྲེལ་བ།-TOC,Heart/D1__M29C34F4A ཤེས་རབ་སྙིང་པོ།/Resources/RCDDEF0BE ཤེས་རབ་སྙིང་པོའི་འགྲེལ་བ།/RCDDEF0BE ཤེས་རབ་སྙིང་པོའི་འགྲེལ་བ།-TOC.docx,downloaded,
D1,Tibetan!B28,ཤེས་རབ་སྙིང་པོ།,https://docs.google.com/document/d/1HNC9-TY-9OwxuTAUprbzKSbXBRr9RYwqbj1vl92xJV4/edit,folder-item,RCDDEF0BE ཤེས་རབ་སྙིང་པོའི་འགྲེལ་བ།-Tsadel,Heart/D1__M29C34F4A ཤེས་རབ་སྙིང་པོ།/Resources/RCDDEF0BE ཤེས་རབ་སྙིང་པོའི་འགྲེལ་བ།/RCDDEF0BE ཤེས་རབ་སྙིང་པོའི་འགྲེལ་བ།-Tsadel.docx,downloaded,
D1,Tibetan!B28,ཤེས་རབ་སྙིང་པོ།,https://docs.google.com/document/d/1lGTFdCuy3E1nF5ga-Dj6ZVvlTGNcYI_wYn5CG3uX4s0/edit,folder-item,RCDDEF0BE ཤེས་རབ་སྙིང་པོའི་འགྲེལ་བ།-Tsawa,Heart/D1__M29C34F4A ཤེས་རབ་སྙིང་པོ།/Resources/RCDDEF0BE ཤེས་རབ་སྙིང་པོའི་འགྲེལ་བ།/RCDDEF0BE ཤེས་རབ་སྙིང་པོའི་འགྲེལ་བ།-Tsawa.docx,downloaded,
D1,Tibetan!B28,ཤེས་རབ་སྙིང་པོ།,https://docs.google.com/document/d/11LEsz0gjjTSw1hWIjEPArCHKQj5zbZiQt9a-k5HSp_c/edit,folder-item,RD98669EC ཤེར་སྙིང་ཟློག་པ།-B2,Heart/D1__M29C34F4A ཤེས་རབ་སྙིང་པོ།/Resources/RD98669EC ཤེར་སྙིང་ཟློག་པ།/Cleaned text/RD98669EC ཤེར་སྙིང་ཟློག་པ།-B2.docx,downloaded,
D1,Tibetan!B28,ཤེས་རབ་སྙིང་པོ།,https://docs.google.com/document/d/1IzMS3tv_NXgzVPhfDE_nexGN9dhW-l0GcJIYGg0hvko/edit,folder-item,ཤེར་སྙིང་ཟློག་པ། B-3 #,Heart/D1__M29C34F4A ཤེས་རབ་སྙིང་པོ།/Resources/RD98669EC ཤེར་སྙིང་ཟློག་པ།/Cleaned text/ཤེར་སྙིང་ཟློག་པ། B-3 #.docx,downloaded,
D1,Tibetan!B28,ཤེས་རབ་སྙིང་པོ།,https://docs.google.com/document/d/1n7O4WmiVvl3fc0X1Bcq50CIYmfhIE2coEtpRDnP3PFM/edit,folder-item,Common Spell Without Note,Heart/D1__M29C34F4A ཤེས་རབ་སྙིང་པོ།/Resources/RD98669EC ཤེར་སྙིང་ཟློག་པ།/RD98669EC ཤེར་སྙིང་ཟློག་པ།- ཡིག་རྐྱང་རྩེ་ཕུད། (Best E-text)/Common Spell Without Note.docx,downloaded,
D1,Tibetan!B28,ཤེས་རབ་སྙིང་པོ།,https://drive.google.com/file/d/1rC8Rf1cqjBlaf8bUyLDuLUK2aATzB-gy/view,folder-item,common_spell with Note.docx,,failed,"Uploaded .docx you can view, but it is not shared by link: Drive only serves it to a normal browser download, which cannot be captured into the zip (in-page fetch blocked by CORS). File itself is accessible."
D1,Tibetan!B28,ཤེས་རབ་སྙིང་པོ།,https://docs.google.com/document/d/15lUszArHQfMSSisydQ95S5oXpxyh-rvcMOtDjyhlhCA/edit,folder-item,RD98669EC ཤེར་སྙིང་ཟློག་པ།-Segmentation,Heart/D1__M29C34F4A ཤེས་རབ་སྙིང་པོ།/Resources/RD98669EC ཤེར་སྙིང་ཟློག་པ།/RD98669EC ཤེར་སྙིང་ཟློག་པ།- ཡིག་རྐྱང་རྩེ་ཕུད། (Best E-text)/RD98669EC ཤེར་སྙིང་ཟློག་པ།-Segmentation.docx,downloaded,
D1,Tibetan!B28,ཤེས་རབ་སྙིང་པོ།,https://docs.google.com/spreadsheets/d/1e847M-w4Q_w_NQqr2D5KW50UoBDmZQ2VAi6zay09s7s/edit,folder-item,RD98669EC ཤེར་སྙིང་ཟློག་པ།,Heart/D1__M29C34F4A ཤེས་རབ་སྙིང་པོ།/Resources/RD98669EC ཤེར་སྙིང་ཟློག་པ།/RD98669EC ཤེར་སྙིང་ཟློག་པ།.xlsx,downloaded,
D1,Tibetan!B28,ཤེས་རབ་སྙིང་པོ།,https://docs.google.com/spreadsheets/d/1-_0fiZn5DHnA1tBs8-kl9X-QpOoa1dnoYVwdyK_tDhI/edit,folder-item,RE65C3D14 ཤེར་སྙིང་གི་བསྡུས་དོན།,Heart/D1__M29C34F4A ཤེས་རབ་སྙིང་པོ།/Resources/RE65C3D14 ཤེར་སྙིང་གི་བསྡུས་དོན།/RE65C3D14 ཤེར་སྙིང་གི་བསྡུས་དོན།.xlsx,downloaded,
D1,Tibetan!B28,ཤེས་རབ་སྙིང་པོ།,https://docs.google.com/document/d/1ics25b9vJ_ecGGerCu5gg0tD_ryAtx6WjfQtRGS3Ob8/edit,folder-item,RE65C3D14 ཤེར་སྙིང་གི་བསྡུས་དོན།-E2,Heart/D1__M29C34F4A ཤེས་རབ་སྙིང་པོ།/Resources/RE65C3D14 ཤེར་སྙིང་གི་བསྡུས་དོན།/RE65C3D14 ཤེར་སྙིང་གི་བསྡུས་དོན།-E2.docx,downloaded,
D1,Tibetan!B28,ཤེས་རབ་སྙིང་པོ།,https://docs.google.com/document/d/1WjUoe-GkUXmeo9bVs5XxyGt4Co-nR4hvEBAAfyH9Um8/edit,folder-item,1715841526866-The heart of Prajna Para mita sutra Need ocr.pdf,Heart/D1__M29C34F4A ཤེས་རབ་སྙིང་པོ།/Resources/RF09D1EEF ཤེར་སྙིང་རྣམ་བཤད་སྙིང་པོ་གསལ་བྱེད།/OCR/1715841526866-The heart of Prajna Para mita sutra Need ocr.pdf.docx,downloaded,
D1,Tibetan!B28,ཤེས་རབ་སྙིང་པོ།,https://docs.google.com/document/d/1Zw8mTNOO4ns6_65nIvfekWa6LZem5gcBcGVJ38voreo/edit,folder-item,1715846137448-Prajnaparamitahridaya-EN Need ocr.pdf,Heart/D1__M29C34F4A ཤེས་རབ་སྙིང་པོ།/Resources/RF09D1EEF ཤེར་སྙིང་རྣམ་བཤད་སྙིང་པོ་གསལ་བྱེད།/OCR/1715846137448-Prajnaparamitahridaya-EN Need ocr.pdf.docx,downloaded,
D1,Tibetan!B28,ཤེས་རབ་སྙིང་པོ།,https://drive.google.com/file/d/1Q0FvoSMrvZbtcYoJblh8pal3qonpjPqA/view,folder-item,Prajnaparamitahridaya-EN.pdf Need ocr,Heart/D1__M29C34F4A ཤེས་རབ་སྙིང་པོ།/Resources/RF09D1EEF ཤེར་སྙིང་རྣམ་བཤད་སྙིང་པོ་གསལ་བྱེད།/OCR/Prajnaparamitahridaya-EN.pdf Need ocr,downloaded,
D1,Tibetan!B28,ཤེས་རབ་སྙིང་པོ།,https://drive.google.com/file/d/1ywNmpxGCMMfZnQmwkKV2w8dBhzqFLSkM/view,folder-item,The heart of Prajna Para mita sutra.pdf Need ocr,Heart/D1__M29C34F4A ཤེས་རབ་སྙིང་པོ།/Resources/RF09D1EEF ཤེར་སྙིང་རྣམ་བཤད་སྙིང་པོ་གསལ་བྱེད།/OCR/The heart of Prajna Para mita sutra.pdf Need ocr,downloaded,
D1,Tibetan!B28,ཤེས་རབ་སྙིང་པོ།,https://docs.google.com/document/d/1-FDfIL9vOdZz2nLSX3-gtQd1ZJf8snEzpqluA2qAACY/edit,folder-item,RF09D1EEF ཤེར་སྙིང་རྣམ་བཤད་སྙིང་པོ་གསལ་བྱེད།--Segmentation,Heart/D1__M29C34F4A ཤེས་རབ་སྙིང་པོ།/Resources/RF09D1EEF ཤེར་སྙིང་རྣམ་བཤད་སྙིང་པོ་གསལ་བྱེད།/RF09D1EEF ཤེར་སྙིང་རྣམ་བཤད་སྙིང་པོ་གསལ་བྱེད།--(Best E-Text)/RF09D1EEF ཤེར་སྙིང་རྣམ་བཤད་སྙིང་པོ་གསལ་བྱེད།--Segmentation.docx,downloaded,
D1,Tibetan!B28,ཤེས་རབ་སྙིང་པོ།,https://docs.google.com/document/d/1ubUx0g8BsJzkTbi7zxQ3C12S-JkuYs28hPr2_gTlTv8/edit,folder-item,RF09D1EEF ཤེར་སྙིང་རྣམ་བཤད་སྙིང་པོ་གསལ་བྱེད།-B2 (without Note),Heart/D1__M29C34F4A ཤེས་རབ་སྙིང་པོ།/Resources/RF09D1EEF ཤེར་སྙིང་རྣམ་བཤད་སྙིང་པོ་གསལ་བྱེད།/RF09D1EEF ཤེར་སྙིང་རྣམ་བཤད་སྙིང་པོ་གསལ་བྱེད།--(Best E-Text)/RF09D1EEF ཤེར་སྙིང་རྣམ་བཤད་སྙིང་པོ་གསལ་བྱེད།-B2 (without Note).docx,downloaded,
D1,Tibetan!B28,ཤེས་རབ་སྙིང་པོ།,https://docs.google.com/spreadsheets/d/1T3e1vKjlqL98CoMUPQZihDUeRKcCXSo-Vx1WeeNsjV8/edit,folder-item,RF09D1EEF ཤེར་སྙིང་རྣམ་བཤད་སྙིང་པོ་གསལ་བྱེད།,Heart/D1__M29C34F4A ཤེས་རབ་སྙིང་པོ།/Resources/RF09D1EEF ཤེར་སྙིང་རྣམ་བཤད་སྙིང་པོ་གསལ་བྱེད།/RF09D1EEF ཤེར་སྙིང་རྣམ་བཤད་སྙིང་པོ་གསལ་བྱེད།.xlsx,downloaded,
D1,Tibetan!B28,ཤེས་རབ་སྙིང་པོ།,https://docs.google.com/spreadsheets/d/10PpiDv6pkI2GItLsnKnNwhFNjdNlkCnNDE-QT_02TII/edit,folder-item,Resources_catalog རྒྱུ་ཆའི་དཀར་ཆག,Heart/D1__M29C34F4A ཤེས་རབ་སྙིང་པོ།/Resources/Resources_catalog རྒྱུ་ཆའི་དཀར་ཆག.xlsx,downloaded,
D2,Tibetan!B29,RCDDEF0BE ཤེས་རབ་སྙིང་པོའི་འགྲེལ་བ།,https://docs.google.com/document/d/13pd_IG7zenvyb99WwqHHCckCRshMWbhaVrU0NJs2MIE/edit,folder-item,Annotation Specification,Heart/D2__RCDDEF0BE ཤེས་རབ་སྙིང་པོའི་འགྲེལ་བ།/Other/Annotation Specification.docx,downloaded,
D2,Tibetan!B29,RCDDEF0BE ཤེས་རབ་སྙིང་པོའི་འགྲེལ་བ།,https://docs.google.com/document/d/1ftqxX1t6a6ywNdv7NGTLkTAomHFrXOWlkLDed4nIQxM/edit,folder-item,Copy of Copy of RCDDEF0BE ཤེས་རབ་སྙིང་པོའི་འགྲེལ་བ།-Tsadel,Heart/D2__RCDDEF0BE ཤེས་རབ་སྙིང་པོའི་འགྲེལ་བ།/Other/Copy of Copy of RCDDEF0BE ཤེས་རབ་སྙིང་པོའི་འགྲེལ་བ།-Tsadel.docx,downloaded,
D2,Tibetan!B29,RCDDEF0BE ཤེས་རབ་སྙིང་པོའི་འགྲེལ་བ།,https://docs.google.com/document/d/167ESv_gK8Q77BkjsxCwl37FV6aYeS8vB5U_XRDwLMr0/edit,folder-item,RCDDEF0BE ཤེས་རབ་སྙིང་པོའི་འགྲེལ་བ།-B2,Heart/D2__RCDDEF0BE ཤེས་རབ་སྙིང་པོའི་འགྲེལ་བ།/Other/RCDDEF0BE ཤེས་རབ་སྙིང་པོའི་འགྲེལ་བ།-B2.docx,downloaded,
D2,Tibetan!B29,RCDDEF0BE ཤེས་རབ་སྙིང་པོའི་འགྲེལ་བ།,https://docs.google.com/spreadsheets/d/1CDQ9A_5LerR43Oc2teaZh_QThJKGnrd8cyotnvL1nLw/edit,folder-item,RCDDEF0BE ཤེས་རབ་སྙིང་པོའི་འགྲེལ་བ། - Metadata,Heart/D2__RCDDEF0BE ཤེས་རབ་སྙིང་པོའི་འགྲེལ་བ།//RCDDEF0BE ཤེས་རབ་སྙིང་པོའི་འགྲེལ་བ། - Metadata.xlsx,downloaded,
D2,Tibetan!B29,RCDDEF0BE ཤེས་རབ་སྙིང་པོའི་འགྲེལ་བ།,https://docs.google.com/document/d/1fnAVQW8JOIUFANddoeAnfJn7x-DCL3svceKyjMguFUU/edit,folder-item,RCDDEF0BE ཤེས་རབ་སྙིང་པོའི་འགྲེལ་བ།-TOC,Heart/D2__RCDDEF0BE ཤེས་རབ་སྙིང་པོའི་འགྲེལ་བ།//RCDDEF0BE ཤེས་རབ་སྙིང་པོའི་འགྲེལ་བ།-TOC.docx,downloaded,
D2,Tibetan!B29,RCDDEF0BE ཤེས་རབ་སྙིང་པོའི་འགྲེལ་བ།,https://docs.google.com/document/d/1HNC9-TY-9OwxuTAUprbzKSbXBRr9RYwqbj1vl92xJV4/edit,folder-item,RCDDEF0BE ཤེས་རབ་སྙིང་པོའི་འགྲེལ་བ།-Tsadel,Heart/D2__RCDDEF0BE ཤེས་རབ་སྙིང་པོའི་འགྲེལ་བ།//RCDDEF0BE ཤེས་རབ་སྙིང་པོའི་འགྲེལ་བ།-Tsadel.docx,downloaded,
D2,Tibetan!B29,RCDDEF0BE ཤེས་རབ་སྙིང་པོའི་འགྲེལ་བ།,https://docs.google.com/document/d/1lGTFdCuy3E1nF5ga-Dj6ZVvlTGNcYI_wYn5CG3uX4s0/edit,folder-item,RCDDEF0BE ཤེས་རབ་སྙིང་པོའི་འགྲེལ་བ།-Tsawa,Heart/D2__RCDDEF0BE ཤེས་རབ་སྙིང་པོའི་འགྲེལ་བ།//RCDDEF0BE ཤེས་རབ་སྙིང་པོའི་འགྲེལ་བ།-Tsawa.docx,downloaded,
D3,Tibetan!B31,RB76B7B48 ཤེར་ཕྱིན་སྙིང་པོའི་མདོའི་ཚིག་འགྲེལ་རྨད་དུ་བྱུང་བ་བཞུགས།,https://docs.google.com/document/d/1AvnQ6E7x931QYSOdYrqn3VvpMUnf6p8ncFL7fOybZCk/edit,folder-item,RB76B7B48 ༄༅། །ཤེར་ཕྱིན་སྙིང་པོའི་མདོའི་གི་ཚིག་འགྲེལ་རྨད་དུ་བྱུང་བ་བཞུགས། B-2,Heart/D3__RB76B7B48 ཤེར་ཕྱིན་སྙིང་པོའི་མདོའི་ཚིག་འགྲེལ་རྨད་དུ་བྱུང་བ་བཞུགས།/Cleaned Text/RB76B7B48 ༄༅། །ཤེར་ཕྱིན་སྙིང་པོའི་མདོའི་གི་ཚིག་འགྲེལ་རྨད་དུ་བྱུང་བ་བཞུགས། B-2.docx,downloaded,
D3,Tibetan!B31,RB76B7B48 ཤེར་ཕྱིན་སྙིང་པོའི་མདོའི་ཚིག་འགྲེལ་རྨད་དུ་བྱུང་བ་བཞུགས།,https://docs.google.com/document/d/1qe3tu04MZ9XkXcVxvc1b5WKUHIvmTtIgceileUwXWkY/edit,folder-item,RB76B7B48 ཤེས་སྙིང་གི་ཚིག་འགྲེལ། B-3 #,Heart/D3__RB76B7B48 ཤེར་ཕྱིན་སྙིང་པོའི་མདོའི་ཚིག་འགྲེལ་རྨད་དུ་བྱུང་བ་བཞུགས།/Cleaned Text/RB76B7B48 ཤེས་སྙིང་གི་ཚིག་འགྲེལ། B-3 #.docx,downloaded,
D3,Tibetan!B31,RB76B7B48 ཤེར་ཕྱིན་སྙིང་པོའི་མདོའི་ཚིག་འགྲེལ་རྨད་དུ་བྱུང་བ་བཞུགས།,https://docs.google.com/document/d/1sOJD5oYHXh6It28n8kDMQb5q5NDOMnhehfhaO0jDQRk/edit,folder-item,RB76B7B48 ཤེས་སྙིང་གི་ཚིག་འགྲེལ། E-2,Heart/D3__RB76B7B48 ཤེར་ཕྱིན་སྙིང་པོའི་མདོའི་ཚིག་འགྲེལ་རྨད་དུ་བྱུང་བ་བཞུགས།/Cleaned Text/RB76B7B48 ཤེས་སྙིང་གི་ཚིག་འགྲེལ། E-2.docx,downloaded,
D3,Tibetan!B31,RB76B7B48 ཤེར་ཕྱིན་སྙིང་པོའི་མདོའི་ཚིག་འགྲེལ་རྨད་དུ་བྱུང་བ་བཞུགས།,https://docs.google.com/document/d/1q-rhve1HLbZq6shfabwuI3SIDGazjO9GYeGitFU7lFk/edit,folder-item,1715840558836-RB76B7B48 ཤེར་ཕྱིན་སྙིང་པོའི་མདོའི་ཚིག་འགྲེལ་རྨད་དུ་བྱུང་བ་བཞུགས།-B2,Heart/D3__RB76B7B48 ཤེར་ཕྱིན་སྙིང་པོའི་མདོའི་ཚིག་འགྲེལ་རྨད་དུ་བྱུང་བ་བཞུགས།/OCR/1715840558836-RB76B7B48 ཤེར་ཕྱིན་སྙིང་པོའི་མདོའི་ཚིག་འགྲེལ་རྨད་དུ་བྱུང་བ་བཞུགས།-B2.docx,downloaded,
D3,Tibetan!B31,RB76B7B48 ཤེར་ཕྱིན་སྙིང་པོའི་མདོའི་ཚིག་འགྲེལ་རྨད་དུ་བྱུང་བ་བཞུགས།,https://drive.google.com/file/d/1ar9CpDZpiqX7fMg-Ogpf1IAelE246Z5L/view,folder-item,RB76B7B48 ཤེར་ཕྱིན་སྙིང་པོའི་མདོའི་ཚིག་འགྲེལ་རྨད་དུ་བྱུང་བ་བཞུགས།-B2.pdf,Heart/D3__RB76B7B48 ཤེར་ཕྱིན་སྙིང་པོའི་མདོའི་ཚིག་འགྲེལ་རྨད་དུ་བྱུང་བ་བཞུགས།/OCR/RB76B7B48 ཤེར་ཕྱིན་སྙིང་པོའི་མདོའི་ཚིག་འགྲེལ་རྨད་དུ་བྱུང་བ་བཞུགས།-B2.pdf,downloaded,
D3,Tibetan!B31,RB76B7B48 ཤེར་ཕྱིན་སྙིང་པོའི་མདོའི་ཚིག་འགྲེལ་རྨད་དུ་བྱུང་བ་བཞུགས།,https://docs.google.com/document/d/16Ozan1pduAdlL8DQ7Du2y3zrW-xS1O4XFeMYQaaXjno/edit,folder-item,Common Spell Without Note,Heart/D3__RB76B7B48 ཤེར་ཕྱིན་སྙིང་པོའི་མདོའི་ཚིག་འགྲེལ་རྨད་དུ་བྱུང་བ་བཞུགས།/RB76B7B48 ཤེར་ཕྱིན་སྙིང་པོའི་མདོའི་ཚིག་འགྲེལ་རྨད་དུ་བྱུང་བ་བཞུགས། - ཡིག་རྐྱང་རྩེ་ཕུད། (Best E-text)/Common Spell Without Note.docx,downloaded,
D3,Tibetan!B31,RB76B7B48 ཤེར་ཕྱིན་སྙིང་པོའི་མདོའི་ཚིག་འགྲེལ་རྨད་དུ་བྱུང་བ་བཞུགས།,https://drive.google.com/file/d/1-yq-cID5TCuGUPKukyj6djtfDouDEzn6/view,folder-item,common_spell With Note.docx,,failed,"Uploaded .docx you can view, but it is not shared by link: Drive only serves it to a normal browser download, which cannot be captured into the zip (in-page fetch blocked by CORS). File itself is accessible."
D3,Tibetan!B31,RB76B7B48 ཤེར་ཕྱིན་སྙིང་པོའི་མདོའི་ཚིག་འགྲེལ་རྨད་དུ་བྱུང་བ་བཞུགས།,https://docs.google.com/document/d/1KNZ9DheqCKEfeTYLTGRCXMloLAHKH-Npc7y61q7LR8k/edit,folder-item,RB76B7B48 ཤེར་ཕྱིན་སྙིང་པོའི་མདོའི་ཚིག་འགྲེལ་རྨད་དུ་བྱུང་བ་བཞུགས། -Segmentation,Heart/D3__RB76B7B48 ཤེར་ཕྱིན་སྙིང་པོའི་མདོའི་ཚིག་འགྲེལ་རྨད་དུ་བྱུང་བ་བཞུགས།/RB76B7B48 ཤེར་ཕྱིན་སྙིང་པོའི་མདོའི་ཚིག་འགྲེལ་རྨད་དུ་བྱུང་བ་བཞུགས། - ཡིག་རྐྱང་རྩེ་ཕུད། (Best E-text)/RB76B7B48 ཤེར་ཕྱིན་སྙིང་པོའི་མདོའི་ཚིག་འགྲེལ་རྨད་དུ་བྱུང་བ་བཞུགས། -Segmentation.docx,downloaded,
D3,Tibetan!B31,RB76B7B48 ཤེར་ཕྱིན་སྙིང་པོའི་མདོའི་ཚིག་འགྲེལ་རྨད་དུ་བྱུང་བ་བཞུགས།,https://docs.google.com/document/d/1blPX0gNwEdCMdAGGcQyT7R8JsC7KyWRvG8eWfoFSnk8/edit,folder-item,RB76B7B48 ཤེར་ཕྱིན་སྙིང་པོའི་མདོའི་ཚིག་འགྲེལ་རྨད་དུ་བྱུང་བ་བཞུགས། -Citation,Heart/D3__RB76B7B48 ཤེར་ཕྱིན་སྙིང་པོའི་མདོའི་ཚིག་འགྲེལ་རྨད་དུ་བྱུང་བ་བཞུགས།//RB76B7B48 ཤེར་ཕྱིན་སྙིང་པོའི་མདོའི་ཚིག་འགྲེལ་རྨད་དུ་བྱུང་བ་བཞུགས། -Citation.docx,downloaded,
D3,Tibetan!B31,RB76B7B48 ཤེར་ཕྱིན་སྙིང་པོའི་མདོའི་ཚིག་འགྲེལ་རྨད་དུ་བྱུང་བ་བཞུགས།,https://docs.google.com/document/d/1IV83UlvBoIr1PwEwYLN7KaKoOFZBjr2f9WYjKaYf900/edit,folder-item,RB76B7B48 ཤེར་ཕྱིན་སྙིང་པོའི་མདོའི་ཚིག་འགྲེལ་རྨད་དུ་བྱུང་བ་བཞུགས། -Clean Texts,Heart/D3__RB76B7B48 ཤེར་ཕྱིན་སྙིང་པོའི་མདོའི་ཚིག་འགྲེལ་རྨད་དུ་བྱུང་བ་བཞུགས།//RB76B7B48 ཤེར་ཕྱིན་སྙིང་པོའི་མདོའི་ཚིག་འགྲེལ་རྨད་དུ་བྱུང་བ་བཞུགས། -Clean Texts.docx,downloaded,
D3,Tibetan!B31,RB76B7B48 ཤེར་ཕྱིན་སྙིང་པོའི་མདོའི་ཚིག་འགྲེལ་རྨད་དུ་བྱུང་བ་བཞུགས།,https://docs.google.com/document/d/1MpD_FQC2l2IUy09LXj6rgyHnAXpU-TgsV7S7VicuuMo/edit,folder-item,RB76B7B48 ཤེར་ཕྱིན་སྙིང་པོའི་མདོའི་ཚིག་འགྲེལ་རྨད་དུ་བྱུང་བ་བཞུགས། -Sentenc-Segm,Heart/D3__RB76B7B48 ཤེར་ཕྱིན་སྙིང་པོའི་མདོའི་ཚིག་འགྲེལ་རྨད་དུ་བྱུང་བ་བཞུགས།//RB76B7B48 ཤེར་ཕྱིན་སྙིང་པོའི་མདོའི་ཚིག་འགྲེལ་རྨད་དུ་བྱུང་བ་བཞུགས། -Sentenc-Segm.docx,downloaded,
D3,Tibetan!B31,RB76B7B48 ཤེར་ཕྱིན་སྙིང་པོའི་མདོའི་ཚིག་འགྲེལ་རྨད་དུ་བྱུང་བ་བཞུགས།,https://docs.google.com/document/d/1BqtUpRkoXdsPEHvitlI42_mq6aPC_5c1lFw9xTyQjCs/edit,folder-item,RB76B7B48 ཤེར་ཕྱིན་སྙིང་པོའི་མདོའི་ཚིག་འགྲེལ་རྨད་དུ་བྱུང་བ་བཞུགས། -TOC,Heart/D3__RB76B7B48 ཤེར་ཕྱིན་སྙིང་པོའི་མདོའི་ཚིག་འགྲེལ་རྨད་དུ་བྱུང་བ་བཞུགས།//RB76B7B48 ཤེར་ཕྱིན་སྙིང་པོའི་མདོའི་ཚིག་འགྲེལ་རྨད་དུ་བྱུང་བ་བཞུགས། -TOC.docx,downloaded,
D3,Tibetan!B31,RB76B7B48 ཤེར་ཕྱིན་སྙིང་པོའི་མདོའི་ཚིག་འགྲེལ་རྨད་དུ་བྱུང་བ་བཞུགས།,https://docs.google.com/document/d/1-2AEeB2aX9i3_FSN4GUEVxdxD_pA9AbWMD8qYQS3s9Y/edit,folder-item,RB76B7B48 ཤེར་ཕྱིན་སྙིང་པོའི་མདོའི་ཚིག་འགྲེལ་རྨད་དུ་བྱུང་བ་བཞུགས། -Tsadel,Heart/D3__RB76B7B48 ཤེར་ཕྱིན་སྙིང་པོའི་མདོའི་ཚིག་འགྲེལ་རྨད་དུ་བྱུང་བ་བཞུགས།//RB76B7B48 ཤེར་ཕྱིན་སྙིང་པོའི་མདོའི་ཚིག་འགྲེལ་རྨད་དུ་བྱུང་བ་བཞུགས། -Tsadel.docx,downloaded,
D3,Tibetan!B31,RB76B7B48 ཤེར་ཕྱིན་སྙིང་པོའི་མདོའི་ཚིག་འགྲེལ་རྨད་དུ་བྱུང་བ་བཞུགས།,https://docs.google.com/spreadsheets/d/1opiZwcFD7nGnHBwouXTmAxXdU4ancXDO2wuccPNkok0/edit,folder-item,RB76B7B48 ཤེར་ཕྱིན་སྙིང་པོའི་མདོའི་ཚིག་འགྲེལ་རྨད་དུ་བྱུང་བ་བཞུགས། Metadata,Heart/D3__RB76B7B48 ཤེར་ཕྱིན་སྙིང་པོའི་མདོའི་ཚིག་འགྲེལ་རྨད་དུ་བྱུང་བ་བཞུགས།//RB76B7B48 ཤེར་ཕྱིན་སྙིང་པོའི་མདོའི་ཚིག་འགྲེལ་རྨད་དུ་བྱུང་བ་བཞུགས། Metadata.xlsx,downloaded,
D3,Tibetan!B31,RB76B7B48 ཤེར་ཕྱིན་སྙིང་པོའི་མདོའི་ཚིག་འགྲེལ་རྨད་དུ་བྱུང་བ་བཞུགས།,https://docs.google.com/document/d/1Lnw7Pe_kQjRJD_6mmwUQHrNPC4iE7uf-ZnBw12fV-6A/edit,folder-item,RB76B7B48 ཤེས་རབ་སྙིང་པོ། -Root Text Tsadel,Heart/D3__RB76B7B48 ཤེར་ཕྱིན་སྙིང་པོའི་མདོའི་ཚིག་འགྲེལ་རྨད་དུ་བྱུང་བ་བཞུགས།//RB76B7B48 ཤེས་རབ་སྙིང་པོ། -Root Text Tsadel.docx,downloaded,
D4,Tibetan!C31,RB76B7B48 ཤེར་ཕྱིན་སྙིང་པོའི་མདོའི་ཚིག་འགྲེལ་རྨད་དུ་བྱུང་བ་བཞུགས། -Segmentation,https://drive.google.com/open?id=1KNZ9DheqCKEfeTYLTGRCXMloLAHKH-Npc7y61q7LR8k&usp=drive_copy,doc,RB76B7B48 ཤེར་ཕྱིན་སྙིང་པོའི་མདོའི་ཚིག་འགྲེལ་རྨད་དུ་བྱུང་བ་བཞུགས། -Segmentation,Heart/D4__RB76B7B48 ཤེར་ཕྱིན་སྙིང་པོའི་མདོའི་ཚིག་འགྲེལ་རྨད་དུ་བྱུང་བ་བཞུགས། -Segmentation.docx,downloaded,
D5,Tibetan!B36,R64282E1A ཤེར་སྙིང་འགྲེལ་པ་སྔགས་སུ་བཀྲལ་པ།,https://docs.google.com/document/d/15kBwDKZccStvw4xXOdTHfTtmHmMO1j0U6OMsxjFSG7M/edit,folder-item,R64282E1A ཤེར་སྙིང་འགྲེལ་པ་སྔགས་སུ་བཀྲལ་པ།- E2,Heart/D5__R64282E1A ཤེར་སྙིང་འགྲེལ་པ་སྔགས་སུ་བཀྲལ་པ།/Cleaned text/R64282E1A ཤེར་སྙིང་འགྲེལ་པ་སྔགས་སུ་བཀྲལ་པ།- E2.docx,downloaded,
D5,Tibetan!B36,R64282E1A ཤེར་སྙིང་འགྲེལ་པ་སྔགས་སུ་བཀྲལ་པ།,https://drive.google.com/file/d/1Dg2Pla4FqKikQJbyzallhdAFDm_2Rx1P/view,folder-item,R64282E1A ཤེར་སྙིང་འགྲེལ་པ་སྔགས་སུ་བཀྲལ་པ།-B2.pdf,Heart/D5__R64282E1A ཤེར་སྙིང་འགྲེལ་པ་སྔགས་སུ་བཀྲལ་པ།/OCR/R64282E1A ཤེར་སྙིང་འགྲེལ་པ་སྔགས་སུ་བཀྲལ་པ།-B2.pdf,downloaded,
D5,Tibetan!B36,R64282E1A ཤེར་སྙིང་འགྲེལ་པ་སྔགས་སུ་བཀྲལ་པ།,https://docs.google.com/document/d/1mwN5cb2T7BEjXRRbnITIXPXKUJUbsCOu7L-c-iBHE3o/edit,folder-item,1715838733391-R64282E1A ཤེར་སྙིང་འགྲེལ་པ་སྔགས་སུ་བཀྲལ་པ།-B2,Heart/D5__R64282E1A ཤེར་སྙིང་འགྲེལ་པ་སྔགས་སུ་བཀྲལ་པ།/Others/1715838733391-R64282E1A ཤེར་སྙིང་འགྲེལ་པ་སྔགས་སུ་བཀྲལ་པ།-B2.docx,downloaded,
D5,Tibetan!B36,R64282E1A ཤེར་སྙིང་འགྲེལ་པ་སྔགས་སུ་བཀྲལ་པ།,https://docs.google.com/spreadsheets/d/1NGZ1vZRHtB_qQ20BQiNZqu2nl4vKF5KgU0uP0UYGAc4/edit,folder-item,R64282E1A ཤེར་སྙིང་འགྲེལ་པ་སྔགས་སུ་བཀྲལ་པ།,Heart/D5__R64282E1A ཤེར་སྙིང་འགྲེལ་པ་སྔགས་སུ་བཀྲལ་པ།/Others/R64282E1A ཤེར་སྙིང་འགྲེལ་པ་སྔགས་སུ་བཀྲལ་པ།.xlsx,downloaded,
D5,Tibetan!B36,R64282E1A ཤེར་སྙིང་འགྲེལ་པ་སྔགས་སུ་བཀྲལ་པ།,https://drive.google.com/file/d/1HHramAQHUY5c8n3b1fy69vStWHzqkTDm/view,folder-item,R64282E1A ཤེར་སྙིང་འགྲེལ་པ་སྔགས་སུ་བཀྲལ་པ།-B6.pdf,Heart/D5__R64282E1A ཤེར་སྙིང་འགྲེལ་པ་སྔགས་སུ་བཀྲལ་པ།/Others/R64282E1A ཤེར་སྙིང་འགྲེལ་པ་སྔགས་སུ་བཀྲལ་པ།-B6.pdf,downloaded,
D5,Tibetan!B36,R64282E1A ཤེར་སྙིང་འགྲེལ་པ་སྔགས་སུ་བཀྲལ་པ།,https://docs.google.com/spreadsheets/d/1U6YQfCx4yy-_oZN7-urysF1uOxfHmXNfklFLJasVB78/edit,folder-item,R64282E1A ཤེར་སྙིང་འགྲེལ་པ་སྔགས་སུ་བཀྲལ་པ། Metadata,Heart/D5__R64282E1A ཤེར་སྙིང་འགྲེལ་པ་སྔགས་སུ་བཀྲལ་པ།/R64282E1A ཤེར་སྙིང་འགྲེལ་པ་སྔགས་སུ་བཀྲལ་པ། - ཡིག་རྐྱང་རྩེ་ཕུད། (Best E-text)/R64282E1A ཤེར་སྙིང་འགྲེལ་པ་སྔགས་སུ་བཀྲལ་པ། Metadata.xlsx,downloaded,
D5,Tibetan!B36,R64282E1A ཤེར་སྙིང་འགྲེལ་པ་སྔགས་སུ་བཀྲལ་པ།,https://docs.google.com/document/d/1ecXSzZnrvgfYTGEatODQV3CeXQsmzcQ64bgUJ0aL1ts/edit,folder-item,R64282E1A ཤེར་སྙིང་འགྲེལ་པ་སྔགས་སུ་བཀྲལ་པ། - Citation,Heart/D5__R64282E1A ཤེར་སྙིང་འགྲེལ་པ་སྔགས་སུ་བཀྲལ་པ།/R64282E1A ཤེར་སྙིང་འགྲེལ་པ་སྔགས་སུ་བཀྲལ་པ། - ཡིག་རྐྱང་རྩེ་ཕུད། (Best E-text)/R64282E1A ཤེར་སྙིང་འགྲེལ་པ་སྔགས་སུ་བཀྲལ་པ། - Citation.docx,downloaded,
D5,Tibetan!B36,R64282E1A ཤེར་སྙིང་འགྲེལ་པ་སྔགས་སུ་བཀྲལ་པ།,https://docs.google.com/document/d/1B5hb7_ZFJJZM6aHMmHo6d9uJYkXdR0mJc7Zp9NERqzc/edit,folder-item,R64282E1A ཤེར་སྙིང་འགྲེལ་པ་སྔགས་སུ་བཀྲལ་པ། - Clean text,Heart/D5__R64282E1A ཤེར་སྙིང་འགྲེལ་པ་སྔགས་སུ་བཀྲལ་པ།/R64282E1A ཤེར་སྙིང་འགྲེལ་པ་སྔགས་སུ་བཀྲལ་པ། - ཡིག་རྐྱང་རྩེ་ཕུད། (Best E-text)/R64282E1A ཤེར་སྙིང་འགྲེལ་པ་སྔགས་སུ་བཀྲལ་པ། - Clean text.docx,downloaded,
D5,Tibetan!B36,R64282E1A ཤེར་སྙིང་འགྲེལ་པ་སྔགས་སུ་བཀྲལ་པ།,https://docs.google.com/document/d/1jdU0BG-C3BSJqEOnh8OHd5EgdXhxRe6ncyNE5Tr_874/edit,folder-item,R64282E1A ཤེར་སྙིང་འགྲེལ་པ་སྔགས་སུ་བཀྲལ་པ། - Sentence - Segm,Heart/D5__R64282E1A ཤེར་སྙིང་འགྲེལ་པ་སྔགས་སུ་བཀྲལ་པ།/R64282E1A ཤེར་སྙིང་འགྲེལ་པ་སྔགས་སུ་བཀྲལ་པ། - ཡིག་རྐྱང་རྩེ་ཕུད། (Best E-text)/R64282E1A ཤེར་སྙིང་འགྲེལ་པ་སྔགས་སུ་བཀྲལ་པ། - Sentence - Segm.docx,downloaded,
D5,Tibetan!B36,R64282E1A ཤེར་སྙིང་འགྲེལ་པ་སྔགས་སུ་བཀྲལ་པ།,https://docs.google.com/document/d/13A442uVFB-JbN12nMfn0oI4cftWuMG_JpH-exvFyBmU/edit,folder-item,R64282E1A ཤེར་སྙིང་འགྲེལ་པ་སྔགས་སུ་བཀྲལ་པ། - TOC,Heart/D5__R64282E1A ཤེར་སྙིང་འགྲེལ་པ་སྔགས་སུ་བཀྲལ་པ།/R64282E1A ཤེར་སྙིང་འགྲེལ་པ་སྔགས་སུ་བཀྲལ་པ། - ཡིག་རྐྱང་རྩེ་ཕུད། (Best E-text)/R64282E1A ཤེར་སྙིང་འགྲེལ་པ་སྔགས་སུ་བཀྲལ་པ། - TOC.docx,downloaded,
D5,Tibetan!B36,R64282E1A ཤེར་སྙིང་འགྲེལ་པ་སྔགས་སུ་བཀྲལ་པ།,https://docs.google.com/document/d/1QplVyfZEmTLIcahbKS1d43OOX2lHIVpR58F6uxjpR5w/edit,folder-item,R64282E1A ཤེར་སྙིང་འགྲེལ་པ་སྔགས་སུ་བཀྲལ་པ། - Tsadel,Heart/D5__R64282E1A ཤེར་སྙིང་འགྲེལ་པ་སྔགས་སུ་བཀྲལ་པ།/R64282E1A ཤེར་སྙིང་འགྲེལ་པ་སྔགས་སུ་བཀྲལ་པ། - ཡིག་རྐྱང་རྩེ་ཕུད། (Best E-text)/R64282E1A ཤེར་སྙིང་འགྲེལ་པ་སྔགས་སུ་བཀྲལ་པ། - Tsadel.docx,downloaded,
D5,Tibetan!B36,R64282E1A ཤེར་སྙིང་འགྲེལ་པ་སྔགས་སུ་བཀྲལ་པ།,https://docs.google.com/document/d/1YGO1mK1hZ6FPf5X6YAe6N57QtZKK6p0T9fuHzSg4sM4/edit,folder-item,R64282E1A ཤེས་རབ་སྙིང་པོ། - Root Text Tsadel,Heart/D5__R64282E1A ཤེར་སྙིང་འགྲེལ་པ་སྔགས་སུ་བཀྲལ་པ།/R64282E1A ཤེར་སྙིང་འགྲེལ་པ་སྔགས་སུ་བཀྲལ་པ། - ཡིག་རྐྱང་རྩེ་ཕུད། (Best E-text)/R64282E1A ཤེས་རབ་སྙིང་པོ། - Root Text Tsadel.docx,downloaded,
D6,Tibetan!B38,R799C7389 ཤེས་རབ་སྙིང་པོའི་སྐོར་དང་དེའི་བཀའ་ཁྲིད།,https://docs.google.com/document/d/1AaovaPeeb4VVdchCj58JG2haBbEpTMV3x__OFgfvk9o/edit,folder-item,R799C7389 ཤེས་རབ་སྙིང་པོའི་སྐོར་དང་དེའི་བཀའ་ཁྲིད། E-2,Heart/D6__R799C7389 ཤེས་རབ་སྙིང་པོའི་སྐོར་དང་དེའི་བཀའ་ཁྲིད།/R799C7389 ཤེས་རབ་སྙིང་པོའི་སྐོར་དང་དེའི་བཀའ་ཁྲིད།-(Best E-Text)/R799C7389 ཤེས་རབ་སྙིང་པོའི་སྐོར་དང་དེའི་བཀའ་ཁྲིད། E-2.docx,downloaded,
D6,Tibetan!B38,R799C7389 ཤེས་རབ་སྙིང་པོའི་སྐོར་དང་དེའི་བཀའ་ཁྲིད།,https://docs.google.com/document/d/1VxnsPbhsf1J1nJoDjCxF9LpcMhPLfRuqZBEXiMd6Tp0/edit,folder-item,R799C7389 ཤེས་རབ་སྙིང་པོའི་སྐོར་དང་དེའི་བཀའ་ཁྲིད།-Segmentation,Heart/D6__R799C7389 ཤེས་རབ་སྙིང་པོའི་སྐོར་དང་དེའི་བཀའ་ཁྲིད།/R799C7389 ཤེས་རབ་སྙིང་པོའི་སྐོར་དང་དེའི་བཀའ་ཁྲིད།-(Best E-Text)/R799C7389 ཤེས་རབ་སྙིང་པོའི་སྐོར་དང་དེའི་བཀའ་ཁྲིད།-Segmentation.docx,downloaded,
D6,Tibetan!B38,R799C7389 ཤེས་རབ་སྙིང་པོའི་སྐོར་དང་དེའི་བཀའ་ཁྲིད།,https://docs.google.com/spreadsheets/d/1VTMD87MddV8gPSwsm-Hl1W2kANRTNJfHDktVTCWWCxc/edit,folder-item,R799C7389 ཤེས་རབ་སྙིང་པོའི་སྐོར་དང་དེའི་བཀའ་ཁྲིད།,Heart/D6__R799C7389 ཤེས་རབ་སྙིང་པོའི་སྐོར་དང་དེའི་བཀའ་ཁྲིད།//R799C7389 ཤེས་རབ་སྙིང་པོའི་སྐོར་དང་དེའི་བཀའ་ཁྲིད།.xlsx,downloaded,
D7,Tibetan!C38,R799C7389 ཤེས་རབ་སྙིང་པོའི་སྐོར་དང་དེའི་བཀའ་ཁྲིད།-Segmentation,https://drive.google.com/open?id=1VxnsPbhsf1J1nJoDjCxF9LpcMhPLfRuqZBEXiMd6Tp0&usp=drive_copy,doc,R799C7389 ཤེས་རབ་སྙིང་པོའི་སྐོར་དང་དེའི་བཀའ་ཁྲིད།-Segmentation,Heart/D7__R799C7389 ཤེས་རབ་སྙིང་པོའི་སྐོར་དང་དེའི་བཀའ་ཁྲིད།-Segmentation.docx,downloaded,
D8,Tibetan!B39,R16A6BB62 ཤེས་རབ་སྙིང་པོའི་འགྲེལ་པ་ཟབ་དོན་གསལ་བའི་སྒྲོན་མེ།,https://docs.google.com/document/d/1TdwsVRYmN1YrrUUPKG_25_K0k3sZ-6I9ko1QiLfB89Y/edit,folder-item,R16A6BB62 ཤེས་རབ་སྙིང་པོའི་འགྲེལ་པ་ཟབ་དོན་གསལ་བའི་སྒྲོན་མེ། B-2,Heart/D8__R16A6BB62 ཤེས་རབ་སྙིང་པོའི་འགྲེལ་པ་ཟབ་དོན་གསལ་བའི་སྒྲོན་མེ།/Cleaned text/R16A6BB62 ཤེས་རབ་སྙིང་པོའི་འགྲེལ་པ་ཟབ་དོན་གསལ་བའི་སྒྲོན་མེ། B-2.docx,downloaded,
D8,Tibetan!B39,R16A6BB62 ཤེས་རབ་སྙིང་པོའི་འགྲེལ་པ་ཟབ་དོན་གསལ་བའི་སྒྲོན་མེ།,https://docs.google.com/document/d/1kkk_qtAmK8HcBDDkslpnjkp30OgvrypT_MWn8dpyzXE/edit,folder-item,R16A6BB62 ཤེས་རབ་སྙིང་པོའི་འགྲེལ་པ་ཟབ་དོན་གསལ་བའི་སྒྲོན་མེ།-E2#,Heart/D8__R16A6BB62 ཤེས་རབ་སྙིང་པོའི་འགྲེལ་པ་ཟབ་དོན་གསལ་བའི་སྒྲོན་མེ།/Cleaned text/R16A6BB62 ཤེས་རབ་སྙིང་པོའི་འགྲེལ་པ་ཟབ་དོན་གསལ་བའི་སྒྲོན་མེ།-E2#.docx,downloaded,
D8,Tibetan!B39,R16A6BB62 ཤེས་རབ་སྙིང་པོའི་འགྲེལ་པ་ཟབ་དོན་གསལ་བའི་སྒྲོན་མེ།,https://docs.google.com/document/d/1wchboS6d8583UoYu2Fd4o8ouiwO9KiAi9E3ihxed0Bg/edit,folder-item,1715838321780-R16A6BB62 ཤེས་རབ་སྙིང་པོའི་འགྲེལ་པ་ཟབ་དོན་གསལ་བའི་སྒྲོན་མེ།,Heart/D8__R16A6BB62 ཤེས་རབ་སྙིང་པོའི་འགྲེལ་པ་ཟབ་དོན་གསལ་བའི་སྒྲོན་མེ།/OCR/1715838321780-R16A6BB62 ཤེས་རབ་སྙིང་པོའི་འགྲེལ་པ་ཟབ་དོན་གསལ་བའི་སྒྲོན་མེ།.docx,downloaded,
D8,Tibetan!B39,R16A6BB62 ཤེས་རབ་སྙིང་པོའི་འགྲེལ་པ་ཟབ་དོན་གསལ་བའི་སྒྲོན་མེ།,https://drive.google.com/file/d/1TB3vS4FKmB1xuw7IMC63ZCY5aFX6IocW/view,folder-item,R16A6BB62 ཤེས་རབ་སྙིང་པོའི་འགྲེལ་པ་ཟབ་དོན་གསལ་བའི་སྒྲོན་མེ།.pdf,Heart/D8__R16A6BB62 ཤེས་རབ་སྙིང་པོའི་འགྲེལ་པ་ཟབ་དོན་གསལ་བའི་སྒྲོན་མེ།/OCR/R16A6BB62 ཤེས་རབ་སྙིང་པོའི་འགྲེལ་པ་ཟབ་དོན་གསལ་བའི་སྒྲོན་མེ།.pdf,downloaded,
D8,Tibetan!B39,R16A6BB62 ཤེས་རབ་སྙིང་པོའི་འགྲེལ་པ་ཟབ་དོན་གསལ་བའི་སྒྲོན་མེ།,https://docs.google.com/document/d/1TI9nYa4KUpZBaR8DyumkJDJo7820ULDXMA5xl6ZT_xg/edit,folder-item,Common Spell Without Note,Heart/D8__R16A6BB62 ཤེས་རབ་སྙིང་པོའི་འགྲེལ་པ་ཟབ་དོན་གསལ་བའི་སྒྲོན་མེ།/R16A6BB62 ཤེས་རབ་སྙིང་པོའི་འགྲེལ་པ་ཟབ་དོན་གསལ་བའི་སྒྲོན་མེ།- ཡིག་རྐྱང་རྩེ་ཕུད། (Best E-Text)/Common Spell Without Note.docx,downloaded,
D8,Tibetan!B39,R16A6BB62 ཤེས་རབ་སྙིང་པོའི་འགྲེལ་པ་ཟབ་དོན་གསལ་བའི་སྒྲོན་མེ།,https://drive.google.com/file/d/1m74XAvQN6JpMqfKjvKUA9ub3pJ6Ua-4n/view,folder-item,common_spell With Note.docx,,failed,"Uploaded .docx you can view, but it is not shared by link: Drive only serves it to a normal browser download, which cannot be captured into the zip (in-page fetch blocked by CORS). File itself is accessible."
D8,Tibetan!B39,R16A6BB62 ཤེས་རབ་སྙིང་པོའི་འགྲེལ་པ་ཟབ་དོན་གསལ་བའི་སྒྲོན་མེ།,https://docs.google.com/document/d/13iGNQJkSZryZWkDKi3iiUOJVWXdWGKvMyd8sHrULHdc/edit,folder-item,R16A6BB62 ཤེས་རབ་སྙིང་པོའི་འགྲེལ་པ་ཟབ་དོན་གསལ་བའི་སྒྲོན་མེ།-Segmentation,Heart/D8__R16A6BB62 ཤེས་རབ་སྙིང་པོའི་འགྲེལ་པ་ཟབ་དོན་གསལ་བའི་སྒྲོན་མེ།/R16A6BB62 ཤེས་རབ་སྙིང་པོའི་འགྲེལ་པ་ཟབ་དོན་གསལ་བའི་སྒྲོན་མེ།- ཡིག་རྐྱང་རྩེ་ཕུད། (Best E-Text)/R16A6BB62 ཤེས་རབ་སྙིང་པོའི་འགྲེལ་པ་ཟབ་དོན་གསལ་བའི་སྒྲོན་མེ།-Segmentation.docx,downloaded,
D8,Tibetan!B39,R16A6BB62 ཤེས་རབ་སྙིང་པོའི་འགྲེལ་པ་ཟབ་དོན་གསལ་བའི་སྒྲོན་མེ།,https://docs.google.com/spreadsheets/d/1kWXyHrG5llW2EUvifQfyjAb1brTqtKziY3GL7fKlMJY/edit,folder-item,R16A6BB62 ཤེས་རབ་སྙིང་པོའི་འགྲེལ་པ་ཟབ་དོན་གསལ་བའི་སྒྲོན་མེ།,Heart/D8__R16A6BB62 ཤེས་རབ་སྙིང་པོའི་འགྲེལ་པ་ཟབ་དོན་གསལ་བའི་སྒྲོན་མེ།//R16A6BB62 ཤེས་རབ་སྙིང་པོའི་འགྲེལ་པ་ཟབ་དོན་གསལ་བའི་སྒྲོན་མེ།.xlsx,downloaded,
D9,Tibetan!C39,R16A6BB62 ཤེས་རབ་སྙིང་པོའི་འགྲེལ་པ་ཟབ་དོན་གསལ་བའི་སྒྲོན་མེ།-Segmentation,https://drive.google.com/open?id=13iGNQJkSZryZWkDKi3iiUOJVWXdWGKvMyd8sHrULHdc&usp=drive_copy,doc,R16A6BB62 ཤེས་རབ་སྙིང་པོའི་འགྲེལ་པ་ཟབ་དོན་གསལ་བའི་སྒྲོན་མེ།-Segmentation,Heart/D9__R16A6BB62 ཤེས་རབ་སྙིང་པོའི་འགྲེལ་པ་ཟབ་དོན་གསལ་བའི་སྒྲོན་མེ།-Segmentation.docx,downloaded,
D10,Tibetan!B42,R9CCC84A4ཤེས་རབ་སྙིང་པོའི་རྣམ་པར་བཤད་པ།,https://drive.google.com/file/d/1W-m39tAONdTrqM6QVv9_yAa7y0PR-2jT/view,folder-item,R9CCC84A4 ཤེས་རབ་སྙིང་པོའི་རྣམ་པར་བཤད་པ། -B3.pdf,Heart/D10__R9CCC84A4ཤེས་རབ་སྙིང་པོའི་རྣམ་པར་བཤད་པ།/OCR/R9CCC84A4 ཤེས་རབ་སྙིང་པོའི་རྣམ་པར་བཤད་པ། -B3.pdf,downloaded,
D10,Tibetan!B42,R9CCC84A4ཤེས་རབ་སྙིང་པོའི་རྣམ་པར་བཤད་པ།,https://docs.google.com/document/d/1SFQ9Ws1ZDFOD79u_cCwjbnX-gbjeV8N5otKdwxQh6pU/edit,folder-item,R9CCC84A4 ཤེས་རབ་སྙིང་པོའི་རྣམ་པར་བཤད་པ། -B3,Heart/D10__R9CCC84A4ཤེས་རབ་སྙིང་པོའི་རྣམ་པར་བཤད་པ།/Others/Cleaned text/R9CCC84A4 ཤེས་རབ་སྙིང་པོའི་རྣམ་པར་བཤད་པ། -B3.docx,downloaded,
D10,Tibetan!B42,R9CCC84A4ཤེས་རབ་སྙིང་པོའི་རྣམ་པར་བཤད་པ།,https://docs.google.com/document/d/1h-3KYTAgcUFs__nqeVvfvsbIMRmCJ5W2UxEUGYnNh9o/edit,folder-item,R9CCC84A4 ཤེས་རབ་སྙིང་པོའི་རྣམ་པར་བཤད་པ། -B4,Heart/D10__R9CCC84A4ཤེས་རབ་སྙིང་པོའི་རྣམ་པར་བཤད་པ།/Others/Cleaned text/R9CCC84A4 ཤེས་རབ་སྙིང་པོའི་རྣམ་པར་བཤད་པ། -B4.docx,downloaded,
D10,Tibetan!B42,R9CCC84A4ཤེས་རབ་སྙིང་པོའི་རྣམ་པར་བཤད་པ།,https://drive.google.com/file/d/1m71PuaxilFwj3K87RzuqSK8MupXSRZJi/view,folder-item,R9CCC84A4 ཤེས་རབ་སྙིང་པོའི་རྣམ་པར་བཤད་པ། B-2 #,Heart/D10__R9CCC84A4ཤེས་རབ་སྙིང་པོའི་རྣམ་པར་བཤད་པ།/Others/Cleaned text/R9CCC84A4 ཤེས་རབ་སྙིང་པོའི་རྣམ་པར་བཤད་པ། B-2 #,downloaded,
D10,Tibetan!B42,R9CCC84A4ཤེས་རབ་སྙིང་པོའི་རྣམ་པར་བཤད་པ།,https://docs.google.com/document/d/1fLsVDikQjTw4FsWjVq7aYshntU1QEk0cZOkW-IYaGio/edit,folder-item,Common Spell Without Note,Heart/D10__R9CCC84A4ཤེས་རབ་སྙིང་པོའི་རྣམ་པར་བཤད་པ།/Others/R9CCC84A4 ཤེས་རབ་སྙིང་པོའི་རྣམ་པར་བཤད་པ། - ཡིག་རྐྱང་རྩེ་ཕུད། (Best E-Text)/Common Spell Without Note.docx,downloaded,
D10,Tibetan!B42,R9CCC84A4ཤེས་རབ་སྙིང་པོའི་རྣམ་པར་བཤད་པ།,https://drive.google.com/file/d/1sPMwg_jSdXGkJOLnfdkan6EzXc7Wzf2X/view,folder-item,common_spell With Note.docx,,failed,"Uploaded .docx you can view, but it is not shared by link: Drive only serves it to a normal browser download, which cannot be captured into the zip (in-page fetch blocked by CORS). File itself is accessible."
D10,Tibetan!B42,R9CCC84A4ཤེས་རབ་སྙིང་པོའི་རྣམ་པར་བཤད་པ།,https://docs.google.com/document/d/1kN7u_W0HG1p5X9yf4Bla-wJI0aOT-a3DDd6UqNUl7U4/edit,folder-item,Copy of R9CCC84A4ཤེས་རབ་སྙིང་པོའི་རྣམ་པར་བཤད་པ། -Tsadel Align,Heart/D10__R9CCC84A4ཤེས་རབ་སྙིང་པོའི་རྣམ་པར་བཤད་པ།/Others/Copy of R9CCC84A4ཤེས་རབ་སྙིང་པོའི་རྣམ་པར་བཤད་པ། -Tsadel Align.docx,downloaded,
D10,Tibetan!B42,R9CCC84A4ཤེས་རབ་སྙིང་པོའི་རྣམ་པར་བཤད་པ།,https://docs.google.com/spreadsheets/d/1LTNruK0xivdXONZFJR5ima8jH-kOf-Pw4e9dA2GQI3E/edit,folder-item,R9CCC84A4 ཤེས་རབ་སྙིང་པོའི་རྣམ་པར་བཤད་པ།,Heart/D10__R9CCC84A4ཤེས་རབ་སྙིང་པོའི་རྣམ་པར་བཤད་པ།/Others/R9CCC84A4 ཤེས་རབ་སྙིང་པོའི་རྣམ་པར་བཤད་པ།.xlsx,downloaded,
D10,Tibetan!B42,R9CCC84A4ཤེས་རབ་སྙིང་པོའི་རྣམ་པར་བཤད་པ།,https://docs.google.com/document/d/1U4Yk-YwlA_zxTIBEwWwsLm8L1C142UH80sLWdFdjgh0/edit,folder-item,R9CCC84A4 ཤེས་རབ་སྙིང་པོའི་རྣམ་པར་བཤད་པ།-E2,Heart/D10__R9CCC84A4ཤེས་རབ་སྙིང་པོའི་རྣམ་པར་བཤད་པ།/Others/R9CCC84A4 ཤེས་རབ་སྙིང་པོའི་རྣམ་པར་བཤད་པ།-E2.docx,downloaded,
D10,Tibetan!B42,R9CCC84A4ཤེས་རབ་སྙིང་པོའི་རྣམ་པར་བཤད་པ།,https://docs.google.com/spreadsheets/d/1pEDUoRsd7kiEdLxb5BE5xz4PyWYRXczLG-p-4t1r9Ls/edit,folder-item,R9CCC84A4 ཤེས་རབ་སྙིང་པོའི་རྣམ་པར་བཤད་པ། Metadata,Heart/D10__R9CCC84A4ཤེས་རབ་སྙིང་པོའི་རྣམ་པར་བཤད་པ།//R9CCC84A4 ཤེས་རབ་སྙིང་པོའི་རྣམ་པར་བཤད་པ། Metadata.xlsx,downloaded,
D10,Tibetan!B42,R9CCC84A4ཤེས་རབ་སྙིང་པོའི་རྣམ་པར་བཤད་པ།,https://docs.google.com/document/d/1XB-xkG3kIsyyCl_0dqXICr2vYNtfp6-rwADe9AggbA0/edit,folder-item,R9CCC84A4ཤེས་རབ་སྙིང་པོའི་རྣམ་པར་བཤད་པ། -Citation,Heart/D10__R9CCC84A4ཤེས་རབ་སྙིང་པོའི་རྣམ་པར་བཤད་པ།//R9CCC84A4ཤེས་རབ་སྙིང་པོའི་རྣམ་པར་བཤད་པ། -Citation.docx,downloaded,
D10,Tibetan!B42,R9CCC84A4ཤེས་རབ་སྙིང་པོའི་རྣམ་པར་བཤད་པ།,https://docs.google.com/document/d/1i5Kce3WncbQJ7y4P2eye1X4-fP9YMeEF3oPjCNL2DYM/edit,folder-item,R9CCC84A4ཤེས་རབ་སྙིང་པོའི་རྣམ་པར་བཤད་པ། -Clean text,Heart/D10__R9CCC84A4ཤེས་རབ་སྙིང་པོའི་རྣམ་པར་བཤད་པ།//R9CCC84A4ཤེས་རབ་སྙིང་པོའི་རྣམ་པར་བཤད་པ། -Clean text.docx,downloaded,
D10,Tibetan!B42,R9CCC84A4ཤེས་རབ་སྙིང་པོའི་རྣམ་པར་བཤད་པ།,https://docs.google.com/document/d/1UoV8dryGurDGiF0umKNZUvDEQtnt8fWY7_SwEz9q9MA/edit,folder-item,R9CCC84A4ཤེས་རབ་སྙིང་པོའི་རྣམ་པར་བཤད་པ། -Sentence Segm,Heart/D10__R9CCC84A4ཤེས་རབ་སྙིང་པོའི་རྣམ་པར་བཤད་པ།//R9CCC84A4ཤེས་རབ་སྙིང་པོའི་རྣམ་པར་བཤད་པ། -Sentence Segm.docx,downloaded,
D10,Tibetan!B42,R9CCC84A4ཤེས་རབ་སྙིང་པོའི་རྣམ་པར་བཤད་པ།,https://docs.google.com/document/d/1z4bd5Y_fPQbIzDf3VsLTr4_IEXgpPoTWH9YUjnvajus/edit,folder-item,R9CCC84A4ཤེས་རབ་སྙིང་པོའི་རྣམ་པར་བཤད་པ། -TOC,Heart/D10__R9CCC84A4ཤེས་རབ་སྙིང་པོའི་རྣམ་པར་བཤད་པ།//R9CCC84A4ཤེས་རབ་སྙིང་པོའི་རྣམ་པར་བཤད་པ། -TOC.docx,downloaded,
D10,Tibetan!B42,R9CCC84A4ཤེས་རབ་སྙིང་པོའི་རྣམ་པར་བཤད་པ།,https://docs.google.com/document/d/1qJY1_35cCfGKYBi4MAgtma9VWPh4hQus4SKwfQfyYc4/edit,folder-item,R9CCC84A4ཤེས་རབ་སྙིང་པོའི་རྣམ་པར་བཤད་པ། -Tsadel Align,Heart/D10__R9CCC84A4ཤེས་རབ་སྙིང་པོའི་རྣམ་པར་བཤད་པ།//R9CCC84A4ཤེས་རབ་སྙིང་པོའི་རྣམ་པར་བཤད་པ། -Tsadel Align.docx,downloaded,
D10,Tibetan!B42,R9CCC84A4ཤེས་རབ་སྙིང་པོའི་རྣམ་པར་བཤད་པ།,https://docs.google.com/document/d/1hEnnoNSRRzqOiukIKtnz0vLHXv_x52dH01rq_k1e44Y/edit,folder-item,R9CCC84A4ཤེས་རབ་སྙིང་པོའི་རྣམ་པར་བཤད་པ། -Tsawa - Delwa,Heart/D10__R9CCC84A4ཤེས་རབ་སྙིང་པོའི་རྣམ་པར་བཤད་པ།//R9CCC84A4ཤེས་རབ་སྙིང་པོའི་རྣམ་པར་བཤད་པ། -Tsawa - Delwa.docx,downloaded,
D11,Tibetan!C42,R9CCC84A4ཤེས་རབ་སྙིང་པོའི་རྣམ་པར་བཤད་པ། -Segmentation,https://drive.google.com/open?id=1qJY1_35cCfGKYBi4MAgtma9VWPh4hQus4SKwfQfyYc4&usp=drive_copy,doc,R9CCC84A4ཤེས་རབ་སྙིང་པོའི་རྣམ་པར་བཤད་པ། -Tsadel Align,Heart/D11__R9CCC84A4ཤེས་རབ་སྙིང་པོའི་རྣམ་པར་བཤད་པ། -Tsadel Align.docx,downloaded,
D12,Tibetan!B44,RABA2516A ཤེར་སྙིང་ཉམས་ལེན་གྱི་ལྷན་ཐབས་ཟབ་དོན་སྙིང་པོ།,https://docs.google.com/document/d/1Pg_v6eYhsCiRHX_kZ7L4Qzbr6m_GXrUnPZ4xoVyU_q0/edit,folder-item,RABA2516A ཤེར་སྙིང་ཉམས་ལེན་གྱི་ལྷན་ཐབས་ཟབ་དོན་སྙིང་པོ། B-2 #,Heart/D12__RABA2516A ཤེར་སྙིང་ཉམས་ལེན་གྱི་ལྷན་ཐབས་ཟབ་དོན་སྙིང་པོ།/Cleaned text/RABA2516A ཤེར་སྙིང་ཉམས་ལེན་གྱི་ལྷན་ཐབས་ཟབ་དོན་སྙིང་པོ། B-2 #.docx,downloaded,
D12,Tibetan!B44,RABA2516A ཤེར་སྙིང་ཉམས་ལེན་གྱི་ལྷན་ཐབས་ཟབ་དོན་སྙིང་པོ།,https://docs.google.com/document/d/1Ipss-9CxF21D47yIqXnc3cYcMlnHn34G-EP5DOxXK-g/edit,folder-item,RABA2516A ཤེར་སྙིང་ཉམས་ལེན་གྱི་ལྷན་ཐབས་ཟབ་དོན་སྙིང་པོ།-E3,Heart/D12__RABA2516A ཤེར་སྙིང་ཉམས་ལེན་གྱི་ལྷན་ཐབས་ཟབ་དོན་སྙིང་པོ།/Cleaned text/RABA2516A ཤེར་སྙིང་ཉམས་ལེན་གྱི་ལྷན་ཐབས་ཟབ་དོན་སྙིང་པོ།-E3.docx,downloaded,
D12,Tibetan!B44,RABA2516A ཤེར་སྙིང་ཉམས་ལེན་གྱི་ལྷན་ཐབས་ཟབ་དོན་སྙིང་པོ།,https://docs.google.com/document/d/1ck4sVyrz8oq6zy5tkwFwmyWoyYXOquFcVYPze2vNo1s/edit,folder-item,RABA2516A ཤེར་སྙིང་ཉམས་ལེན་གྱི་ལྷན་ཐབས་ཟབ་དོན་སྙིང་པོ།-E4,Heart/D12__RABA2516A ཤེར་སྙིང་ཉམས་ལེན་གྱི་ལྷན་ཐབས་ཟབ་དོན་སྙིང་པོ།/Cleaned text/RABA2516A ཤེར་སྙིང་ཉམས་ལེན་གྱི་ལྷན་ཐབས་ཟབ་དོན་སྙིང་པོ།-E4.docx,downloaded,
D12,Tibetan!B44,RABA2516A ཤེར་སྙིང་ཉམས་ལེན་གྱི་ལྷན་ཐབས་ཟབ་དོན་སྙིང་པོ།,https://docs.google.com/document/d/17dLTdKnjxaCthKSvmCqvv9P70AeyH5zM_lL2v01GqU8/edit,folder-item,RABA2516A ཤེར་སྙིང་ཉམས་ལེན་གྱི་ལྷན་ཐབས་ཟབ་དོན་སྙིང་པོ།-E5,Heart/D12__RABA2516A ཤེར་སྙིང་ཉམས་ལེན་གྱི་ལྷན་ཐབས་ཟབ་དོན་སྙིང་པོ།/Cleaned text/RABA2516A ཤེར་སྙིང་ཉམས་ལེན་གྱི་ལྷན་ཐབས་ཟབ་དོན་སྙིང་པོ།-E5.docx,downloaded,
D12,Tibetan!B44,RABA2516A ཤེར་སྙིང་ཉམས་ལེན་གྱི་ལྷན་ཐབས་ཟབ་དོན་སྙིང་པོ།,https://docs.google.com/document/d/1TPJBXd0PnX62fQYUQqHuyrGlki88pb1dkAQBeHxJo3M/edit,folder-item,Common Spell Without Note,Heart/D12__RABA2516A ཤེར་སྙིང་ཉམས་ལེན་གྱི་ལྷན་ཐབས་ཟབ་དོན་སྙིང་པོ།/RABA2516A ཤེར་སྙིང་ཉམས་ལེན་གྱི་ལྷན་ཐབས་ཟབ་དོན་སྙིང་པོ། - ཡིག་རྐྱང་རྩེ་ཕུད། (Best E-text)/Common Spell Without Note.docx,downloaded,
D12,Tibetan!B44,RABA2516A ཤེར་སྙིང་ཉམས་ལེན་གྱི་ལྷན་ཐབས་ཟབ་དོན་སྙིང་པོ།,https://drive.google.com/file/d/1U-G0-U-M9JFT13GJN4iQKNRyDlKbThC-/view,folder-item,common_spell With Note.docx,,failed,"Uploaded .docx you can view, but it is not shared by link: Drive only serves it to a normal browser download, which cannot be captured into the zip (in-page fetch blocked by CORS). File itself is accessible."
D12,Tibetan!B44,RABA2516A ཤེར་སྙིང་ཉམས་ལེན་གྱི་ལྷན་ཐབས་ཟབ་དོན་སྙིང་པོ།,https://docs.google.com/document/d/1guhnsYAgGJcb7bpT-xFyw70hxYYKys_hjLVntZQtRaY/edit,folder-item,RABA2516A ཤེར་སྙིང་ཉམས་ལེན་གྱི་ལྷན་ཐབས་ཟབ་དོན་སྙིང་པོ།-Segmentation,Heart/D12__RABA2516A ཤེར་སྙིང་ཉམས་ལེན་གྱི་ལྷན་ཐབས་ཟབ་དོན་སྙིང་པོ།/RABA2516A ཤེར་སྙིང་ཉམས་ལེན་གྱི་ལྷན་ཐབས་ཟབ་དོན་སྙིང་པོ། - ཡིག་རྐྱང་རྩེ་ཕུད། (Best E-text)/RABA2516A ཤེར་སྙིང་ཉམས་ལེན་གྱི་ལྷན་ཐབས་ཟབ་དོན་སྙིང་པོ།-Segmentation.docx,downloaded,
D12,Tibetan!B44,RABA2516A ཤེར་སྙིང་ཉམས་ལེན་གྱི་ལྷན་ཐབས་ཟབ་དོན་སྙིང་པོ།,https://docs.google.com/spreadsheets/d/1x3GQjFtQD0iTS0zh2tOkM95ufWNfUW-mL19MItS8eH0/edit,folder-item,RABA2516A ཤེར་སྙིང་ཉམས་ལེན་གྱི་ལྷན་ཐབས་ཟབ་དོན་སྙིང་པོ།,Heart/D12__RABA2516A ཤེར་སྙིང་ཉམས་ལེན་གྱི་ལྷན་ཐབས་ཟབ་དོན་སྙིང་པོ།//RABA2516A ཤེར་སྙིང་ཉམས་ལེན་གྱི་ལྷན་ཐབས་ཟབ་དོན་སྙིང་པོ།.xlsx,downloaded,
D13,Tibetan!C44,RABA2516A ཤེར་སྙིང་ཉམས་ལེན་གྱི་ལྷན་ཐབས་ཟབ་དོན་སྙིང་པོ།-Segmentation,https://drive.google.com/open?id=1guhnsYAgGJcb7bpT-xFyw70hxYYKys_hjLVntZQtRaY&usp=drive_copy,doc,RABA2516A ཤེར་སྙིང་ཉམས་ལེན་གྱི་ལྷན་ཐབས་ཟབ་དོན་སྙིང་པོ།-Segmentation,Heart/D13__RABA2516A ཤེར་སྙིང་ཉམས་ལེན་གྱི་ལྷན་ཐབས་ཟབ་དོན་སྙིང་པོ།-Segmentation.docx,downloaded,
D14,Tibetan!B45,R77290726 བཀའ་འཁོར་ལོ་བར་པའི་ཡང་བཅུད་ཤེས་རབ་སྙིང་པོའི་མདོ་ལ་བརྟེན་པའི་བདུད་ཟློག་བར་ཆད་ཀུན་,https://docs.google.com/document/d/10SNdFaRTCzwHj6ZEfPZGomLJbCqgY0-r6nWr4oBhhX4/edit,folder-item,R77290726 བཀའ་འཁོར་ལོ་བར་པའི་ཡང་བཅུད་ཤེས་རབ་སྙིང་པོའི་མདོ་ལ་བརྟེན་པའི་བདུད་ཟློག་བར་ཆད་ཀུན་སེལ་ལག་ལེན། B-2#,Heart/D14__R77290726 བཀའ་འཁོར་ལོ་བར་པའི་ཡང་བཅུད་ཤེས་རབ་སྙིང་པོའི་མདོ་ལ་བརྟེན་པའི་བདུད་ཟློག་བར་ཆད་ཀུན་སེལ་ལག་ལེན།/Cleaned text/R77290726 བཀའ་འཁོར་ལོ་བར་པའི་ཡང་བཅུད་ཤེས་རབ་སྙིང་པོའི་མདོ་ལ་བརྟེན་པའི་བདུད་ཟློག་བར་ཆད་ཀུན་སེལ་ལག་ལེན། B-2#.docx,downloaded,
D14,Tibetan!B45,R77290726 བཀའ་འཁོར་ལོ་བར་པའི་ཡང་བཅུད་ཤེས་རབ་སྙིང་པོའི་མདོ་ལ་བརྟེན་པའི་བདུད་ཟློག་བར་ཆད་ཀུན་,https://docs.google.com/document/d/1kMC4LdfAQFhLUoAsmgmaw0d3t2f-cgcAoq6vGMlJHl4/edit,folder-item,R77290726 བཀའ་འཁོར་ལོ་བར་པའི་ཡང་བཅུད་ཤེས་རབ་སྙིང་པོའི་མདོ་ལ་བརྟེན་པའི་བདུད་ཟློག་བར་ཆད་ཀུན་སེལ་ལག་ལེན། B-3,Heart/D14__R77290726 བཀའ་འཁོར་ལོ་བར་པའི་ཡང་བཅུད་ཤེས་རབ་སྙིང་པོའི་མདོ་ལ་བརྟེན་པའི་བདུད་ཟློག་བར་ཆད་ཀུན་སེལ་ལག་ལེན།/Cleaned text/R77290726 བཀའ་འཁོར་ལོ་བར་པའི་ཡང་བཅུད་ཤེས་རབ་སྙིང་པོའི་མདོ་ལ་བརྟེན་པའི་བདུད་ཟློག་བར་ཆད་ཀུན་སེལ་ལག་ལེན། B-3.docx,downloaded,
D14,Tibetan!B45,R77290726 བཀའ་འཁོར་ལོ་བར་པའི་ཡང་བཅུད་ཤེས་རབ་སྙིང་པོའི་མདོ་ལ་བརྟེན་པའི་བདུད་ཟློག་བར་ཆད་ཀུན་,https://docs.google.com/document/d/1ozGuzfsEV-oX57GdfmhIhoP2jP9wBmfefuaFU0w8cHY/edit,folder-item,R77290726 བཀའ་འཁོར་ལོ་བར་པའི་ཡང་བཅུད་ཤེས་རབ་སྙིང་པོའི་མདོ་ལ་བརྟེན་པའི་བདུད་ཟློག་བར་ཆད་ཀུན་སེལ་ལག་ལེན། B-4,Heart/D14__R77290726 བཀའ་འཁོར་ལོ་བར་པའི་ཡང་བཅུད་ཤེས་རབ་སྙིང་པོའི་མདོ་ལ་བརྟེན་པའི་བདུད་ཟློག་བར་ཆད་ཀུན་སེལ་ལག་ལེན།/Cleaned text/R77290726 བཀའ་འཁོར་ལོ་བར་པའི་ཡང་བཅུད་ཤེས་རབ་སྙིང་པོའི་མདོ་ལ་བརྟེན་པའི་བདུད་ཟློག་བར་ཆད་ཀུན་སེལ་ལག་ལེན། B-4.docx,downloaded,
D14,Tibetan!B45,R77290726 བཀའ་འཁོར་ལོ་བར་པའི་ཡང་བཅུད་ཤེས་རབ་སྙིང་པོའི་མདོ་ལ་བརྟེན་པའི་བདུད་ཟློག་བར་ཆད་ཀུན་,https://docs.google.com/document/d/1cg5Yxp0kxTo3-i47XEpcId4I_RXumBwjU8kWfOwBAgg/edit,folder-item,R77290726 བཀའ་འཁོར་ལོ་བར་པའི་ཡང་བཅུད་ཤེས་རབ་སྙིང་པོའི་མདོ་ལ་བརྟེན་པའི་བདུད་ཟློག་བར་ཆད་ཀུན་སེལ་ལག་ལེན། B-5,Heart/D14__R77290726 བཀའ་འཁོར་ལོ་བར་པའི་ཡང་བཅུད་ཤེས་རབ་སྙིང་པོའི་མདོ་ལ་བརྟེན་པའི་བདུད་ཟློག་བར་ཆད་ཀུན་སེལ་ལག་ལེན།/Cleaned text/R77290726 བཀའ་འཁོར་ལོ་བར་པའི་ཡང་བཅུད་ཤེས་རབ་སྙིང་པོའི་མདོ་ལ་བརྟེན་པའི་བདུད་ཟློག་བར་ཆད་ཀུན་སེལ་ལག་ལེན། B-5.docx,downloaded,
D14,Tibetan!B45,R77290726 བཀའ་འཁོར་ལོ་བར་པའི་ཡང་བཅུད་ཤེས་རབ་སྙིང་པོའི་མདོ་ལ་བརྟེན་པའི་བདུད་ཟློག་བར་ཆད་ཀུན་,https://docs.google.com/document/d/1og0b6ZMr3uJoorzAla4f20r-8i-0ohk006Yb1cf3AtY/edit,folder-item,R77290726 བཀའ་འཁོར་ལོ་བར་པའི་ཡང་བཅུད་ཤེས་རབ་སྙིང་པོའི་མདོ་ལ་བརྟེན་པའི་བདུད་ཟློག་བར་ཆད་ཀུན་སེལ་ལག་ལེན། B-6,Heart/D14__R77290726 བཀའ་འཁོར་ལོ་བར་པའི་ཡང་བཅུད་ཤེས་རབ་སྙིང་པོའི་མདོ་ལ་བརྟེན་པའི་བདུད་ཟློག་བར་ཆད་ཀུན་སེལ་ལག་ལེན།/Cleaned text/R77290726 བཀའ་འཁོར་ལོ་བར་པའི་ཡང་བཅུད་ཤེས་རབ་སྙིང་པོའི་མདོ་ལ་བརྟེན་པའི་བདུད་ཟློག་བར་ཆད་ཀུན་སེལ་ལག་ལེན། B-6.docx,downloaded,
D14,Tibetan!B45,R77290726 བཀའ་འཁོར་ལོ་བར་པའི་ཡང་བཅུད་ཤེས་རབ་སྙིང་པོའི་མདོ་ལ་བརྟེན་པའི་བདུད་ཟློག་བར་ཆད་ཀུན་,https://docs.google.com/document/d/1SQss3alKLlUNQUHAsSWgUNo9OT0A9bHiL9no6QPwZS4/edit,folder-item,Common Spell Without Note,Heart/D14__R77290726 བཀའ་འཁོར་ལོ་བར་པའི་ཡང་བཅུད་ཤེས་རབ་སྙིང་པོའི་མདོ་ལ་བརྟེན་པའི་བདུད་ཟློག་བར་ཆད་ཀུན་སེལ་ལག་ལེན།/R77290726 བཀའ་འཁོར་ལོ་བར་པའི་ཡང་བཅུད་ཤེས་རབ་སྙིང་པོའི་མདོ་ལ་བརྟེན་པའི་བདུད་ཟློག་བར་ཆད་ཀུན་སེལ་ལག་ལེན།- ཡིག་རྐྱང་རྩེ་ཕུད། (Best E-text)/Common Spell Without Note.docx,downloaded,
D14,Tibetan!B45,R77290726 བཀའ་འཁོར་ལོ་བར་པའི་ཡང་བཅུད་ཤེས་རབ་སྙིང་པོའི་མདོ་ལ་བརྟེན་པའི་བདུད་ཟློག་བར་ཆད་ཀུན་,https://drive.google.com/file/d/1L31yg_oKairGrEsXCWhbx1F_rWboKQdw/view,folder-item,common_spell with note.docx,,failed,"Uploaded .docx you can view, but it is not shared by link: Drive only serves it to a normal browser download, which cannot be captured into the zip (in-page fetch blocked by CORS). File itself is accessible."
D14,Tibetan!B45,R77290726 བཀའ་འཁོར་ལོ་བར་པའི་ཡང་བཅུད་ཤེས་རབ་སྙིང་པོའི་མདོ་ལ་བརྟེན་པའི་བདུད་ཟློག་བར་ཆད་ཀུན་,https://docs.google.com/document/d/1wv3AXzhO2gW9zSvEuH5-qmmU2IJeLEXcHjzWI7wRW18/edit,folder-item,R77290726 བཀའ་འཁོར་ལོ་བར་པའི་ཡང་བཅུད་ཤེས་རབ་སྙིང་པོའི་མདོ་ལ་བརྟེན་པའི་བདུད་ཟློག་བར་ཆད་ཀུན་སེལ་ལག་ལེན།-Segmentation,Heart/D14__R77290726 བཀའ་འཁོར་ལོ་བར་པའི་ཡང་བཅུད་ཤེས་རབ་སྙིང་པོའི་མདོ་ལ་བརྟེན་པའི་བདུད་ཟློག་བར་ཆད་ཀུན་སེལ་ལག་ལེན།/R77290726 བཀའ་འཁོར་ལོ་བར་པའི་ཡང་བཅུད་ཤེས་རབ་སྙིང་པོའི་མདོ་ལ་བརྟེན་པའི་བདུད་ཟློག་བར་ཆད་ཀུན་སེལ་ལག་ལེན།- ཡིག་རྐྱང་རྩེ་ཕུད། (Best E-text)/R77290726 བཀའ་འཁོར་ལོ་བར་པའི་ཡང་བཅུད་ཤེས་རབ་སྙིང་པོའི་མདོ་ལ་བརྟེན་པའི་བདུད་ཟློག་བར་ཆད་ཀུན་སེལ་ལག་ལེན།-Segmentation.docx,downloaded,
D14,Tibetan!B45,R77290726 བཀའ་འཁོར་ལོ་བར་པའི་ཡང་བཅུད་ཤེས་རབ་སྙིང་པོའི་མདོ་ལ་བརྟེན་པའི་བདུད་ཟློག་བར་ཆད་ཀུན་,https://docs.google.com/spreadsheets/d/1gyeBOSH9yHSY9NgkH30DmI8IQNvXqWwubJRbGrhxD3g/edit,folder-item,R77290726 བཀའ་འཁོར་ལོ་བར་པའི་ཡང་བཅུད་ཤེས་རབ་སྙིང་པོའི་མདོ་ལ་བརྟེན་པའི་བདུད་ཟློག་བར་ཆད་ཀུན་སེལ་ལག་ལེན།,Heart/D14__R77290726 བཀའ་འཁོར་ལོ་བར་པའི་ཡང་བཅུད་ཤེས་རབ་སྙིང་པོའི་མདོ་ལ་བརྟེན་པའི་བདུད་ཟློག་བར་ཆད་ཀུན་སེལ་ལག་ལེན།//R77290726 བཀའ་འཁོར་ལོ་བར་པའི་ཡང་བཅུད་ཤེས་རབ་སྙིང་པོའི་མདོ་ལ་བརྟེན་པའི་བདུད་ཟློག་བར་ཆད་ཀུན་སེལ་ལག་ལེན།.xlsx,downloaded,
D15,Tibetan!C45,R77290726 བཀའ་འཁོར་ལོ་བར་པའི་ཡང་བཅུད་ཤེས་རབ་སྙིང་པོའི་མདོ་ལ་བརྟེན་པའི་བདུད་ཟློག་བར་ཆད་ཀུན་,https://drive.google.com/open?id=1wv3AXzhO2gW9zSvEuH5-qmmU2IJeLEXcHjzWI7wRW18&usp=drive_copy,doc,R77290726 བཀའ་འཁོར་ལོ་བར་པའི་ཡང་བཅུད་ཤེས་རབ་སྙིང་པོའི་མདོ་ལ་བརྟེན་པའི་བདུད་ཟློག་བར་ཆད་ཀུན་སེལ་ལག་ལེན།-Segmentation,Heart/D15__R77290726 བཀའ་འཁོར་ལོ་བར་པའི་ཡང་བཅུད་ཤེས་རབ་སྙིང་པོའི་མདོ་ལ་བརྟེན་པའི་བདུད་ཟློག་བར་ཆད་ཀུན་སེལ་ལག་ལེན།-Segmentation.docx,downloaded,
D16,Tibetan!C47,R13386554ཤེས་རབ་སྙིང་པོའི་རྣམ་བཤད་ཀླུ་སྒྲུབ་ཀྱི་དགོངས་པ་གསལ་བར་བསྟན་པ། -B2,https://drive.google.com/open?id=1c0IX3DUscBcpujCLTU6nLuN-JGoqCyQBVXS_gwZCjHU&usp=drive_copy,doc,R13386554ཤེས་རབ་སྙིང་པོའི་རྣམ་བཤད་ཀླུ་སྒྲུབ་ཀྱི་དགོངས་པ་གསལ་བར་བསྟན་པ། B-2 #,Heart/D16__R13386554ཤེས་རབ་སྙིང་པོའི་རྣམ་བཤད་ཀླུ་སྒྲུབ་ཀྱི་དགོངས་པ་གསལ་བར་བསྟན་པ། B-2 #.docx,downloaded,
D17,Tibetan!B48,R42066499 ཤེས་རབ་སྙིང་པོའི་རྣམ་བཤད།,https://docs.google.com/document/d/1BAMjMFvD74TE7W8fwqndbUS98MqOBR3qZCvwq7hYnpw/edit,folder-item,R42066499ཤེས་རབ་སྙིང་པོའི་རྣམ་བཤད། B-2 #,Heart/D17__R42066499 ཤེས་རབ་སྙིང་པོའི་རྣམ་བཤད།/Cleaned text/R42066499ཤེས་རབ་སྙིང་པོའི་རྣམ་བཤད། B-2 #.docx,downloaded,
D17,Tibetan!B48,R42066499 ཤེས་རབ་སྙིང་པོའི་རྣམ་བཤད།,https://docs.google.com/document/d/1CDkZT25Su8IVHkF-ZoYixvc_foH_qau27bUQux9tniQ/edit,folder-item,R42066499ཤེས་རབ་སྙིང་པོའི་རྣམ་བཤད།-E2,Heart/D17__R42066499 ཤེས་རབ་སྙིང་པོའི་རྣམ་བཤད།/Cleaned text/R42066499ཤེས་རབ་སྙིང་པོའི་རྣམ་བཤད།-E2.docx,downloaded,
D17,Tibetan!B48,R42066499 ཤེས་རབ་སྙིང་པོའི་རྣམ་བཤད།,https://drive.google.com/file/d/15XhB24JMlLLIgp9-C_v1au_qfk2S04ND/view,folder-item,R42066499ཤེས་རབ་སྙིང་པོའི་རྣམ་བཤད། .pdf,Heart/D17__R42066499 ཤེས་རབ་སྙིང་པོའི་རྣམ་བཤད།/OCR/R42066499ཤེས་རབ་སྙིང་པོའི་རྣམ་བཤད། .pdf,downloaded,
D17,Tibetan!B48,R42066499 ཤེས་རབ་སྙིང་པོའི་རྣམ་བཤད།,https://docs.google.com/document/d/1Jap8OI8oDxSrLsfwQGAEwZ2w4EUBN7KePaOYGhWFONU/edit,folder-item,Common Spell Without Note,Heart/D17__R42066499 ཤེས་རབ་སྙིང་པོའི་རྣམ་བཤད།/others/R42066499ཤེས་རབ་སྙིང་པོའི་རྣམ་བཤད། - ཡིག་རྐྱང་རྩེ་ཕུད། (Best E-Text)/Common Spell Without Note.docx,downloaded,
D17,Tibetan!B48,R42066499 ཤེས་རབ་སྙིང་པོའི་རྣམ་བཤད།,https://drive.google.com/file/d/11f4uI_xpUgZUO4xLGjNRlJm8WO1jm0eF/view,folder-item,common_spell With Note.docx,,failed,"Uploaded .docx you can view, but it is not shared by link: Drive only serves it to a normal browser download, which cannot be captured into the zip (in-page fetch blocked by CORS). File itself is accessible."
D17,Tibetan!B48,R42066499 ཤེས་རབ་སྙིང་པོའི་རྣམ་བཤད།,https://docs.google.com/document/d/12R6twz49UXF8wFcyOYa2dYXmgCiPmAX9Ew6Z70HvWhA/edit,folder-item,1715839520906-R42066499ཤེས་རབ་སྙིང་པོའི་རྣམ་བཤད།,Heart/D17__R42066499 ཤེས་རབ་སྙིང་པོའི་རྣམ་བཤད།/others/1715839520906-R42066499ཤེས་རབ་སྙིང་པོའི་རྣམ་བཤད།.docx,downloaded,
D17,Tibetan!B48,R42066499 ཤེས་རབ་སྙིང་པོའི་རྣམ་བཤད།,https://docs.google.com/document/d/1FYUnP1bqiPpgJA17kHiD8NzSfiIfFyHxbeafNiq1yxE/edit,folder-item,Copy of R42066499 ཤེས་རབ་སྙིང་པོའི་རྣམ་བཤད། -Segmentation,Heart/D17__R42066499 ཤེས་རབ་སྙིང་པོའི་རྣམ་བཤད།/others/Copy of R42066499 ཤེས་རབ་སྙིང་པོའི་རྣམ་བཤད། -Segmentation.docx,downloaded,
D17,Tibetan!B48,R42066499 ཤེས་རབ་སྙིང་པོའི་རྣམ་བཤད།,https://docs.google.com/document/d/1deWOOUVTQPpcayRecOm00XXvyF08fqSjUdZKZ2mcPyQ/edit,folder-item,R42066499ཤེས་རབ་སྙིང་པོའི་རྣམ་བཤད།,Heart/D17__R42066499 ཤེས་རབ་སྙིང་པོའི་རྣམ་བཤད།/others/R42066499ཤེས་རབ་སྙིང་པོའི་རྣམ་བཤད།.docx,downloaded,
D17,Tibetan!B48,R42066499 ཤེས་རབ་སྙིང་པོའི་རྣམ་བཤད།,https://docs.google.com/document/d/1XcJdyFbigmwpCs1i7UjzrsiK5nWxe7aQOTWcf1H1KBI/edit,folder-item,R42066499 ཤེས་རབ་སྙིང་པོའི་རྣམ་བཤད། -Sentence-Segm,Heart/D17__R42066499 ཤེས་རབ་སྙིང་པོའི་རྣམ་བཤད།//R42066499 ཤེས་རབ་སྙིང་པོའི་རྣམ་བཤད། -Sentence-Segm.docx,downloaded,
D17,Tibetan!B48,R42066499 ཤེས་རབ་སྙིང་པོའི་རྣམ་བཤད།,https://docs.google.com/document/d/1g3GChPNv-rQKAYG-PVkOLdsLzDVCmi7TnTW1DE7NwvM/edit,folder-item,R42066499 ཤེས་རབ་སྙིང་པོའི་རྣམ་བཤད། -TOC,Heart/D17__R42066499 ཤེས་རབ་སྙིང་པོའི་རྣམ་བཤད།//R42066499 ཤེས་རབ་སྙིང་པོའི་རྣམ་བཤད། -TOC.docx,downloaded,
D17,Tibetan!B48,R42066499 ཤེས་རབ་སྙིང་པོའི་རྣམ་བཤད།,https://docs.google.com/document/d/1OtPtIXR9uVqpe9lLbyUSvTZiIzajefLT1t89fXAccXI/edit,folder-item,R42066499 ཤེས་རབ་སྙིང་པོའི་རྣམ་བཤད། -Tsadel,Heart/D17__R42066499 ཤེས་རབ་སྙིང་པོའི་རྣམ་བཤད།//R42066499 ཤེས་རབ་སྙིང་པོའི་རྣམ་བཤད། -Tsadel.docx,downloaded,
D17,Tibetan!B48,R42066499 ཤེས་རབ་སྙིང་པོའི་རྣམ་བཤད།,https://docs.google.com/document/d/1zMXikGSW3r89do0haAHLJ8WCkjN1H0VxrGBxoP6xrjA/edit,folder-item,R42066499 ཤེས་རབ་སྙིང་པོའི་རྣམ་བཤད། -Tsawa,Heart/D17__R42066499 ཤེས་རབ་སྙིང་པོའི་རྣམ་བཤད།//R42066499 ཤེས་རབ་སྙིང་པོའི་རྣམ་བཤད། -Tsawa.docx,downloaded,
D17,Tibetan!B48,R42066499 ཤེས་རབ་སྙིང་པོའི་རྣམ་བཤད།,https://docs.google.com/spreadsheets/d/133Od0pYPxIJRGlXECFcT9xxP4YpzZxTl7I7W2rIRAmc/edit,folder-item,R42066499ཤེས་རབ་སྙིང་པོའི་རྣམ་བཤད།,Heart/D17__R42066499 ཤེས་རབ་སྙིང་པོའི་རྣམ་བཤད།//R42066499ཤེས་རབ་སྙིང་པོའི་རྣམ་བཤད།.xlsx,downloaded,
D18,Tibetan!B50,RA7B8FF79 ཤེས་རབ་སྙིང་པོའི་རྣམ་བཤད་ཡང་དག་ལྟ་བའི་མིག,https://drive.google.com/file/d/1qVJknC3UYD20qpvKMLBD9jVAN6UTVn_6/view,folder-item,RA7B8FF79ཤེས་རབ་སྙིང་པོའི་རྣམ་བཤད་ཡང་དག་ལྟ་བའི་མིག-B2.pdf,Heart/D18__RA7B8FF79 ཤེས་རབ་སྙིང་པོའི་རྣམ་བཤད་ཡང་དག་ལྟ་བའི་མིག/OCR/RA7B8FF79ཤེས་རབ་སྙིང་པོའི་རྣམ་བཤད་ཡང་དག་ལྟ་བའི་མིག-B2.pdf,downloaded,
D18,Tibetan!B50,RA7B8FF79 ཤེས་རབ་སྙིང་པོའི་རྣམ་བཤད་ཡང་དག་ལྟ་བའི་མིག,https://drive.google.com/file/d/1ZU4A_VYYSZK1zf3eRZjNcxSJ7xmPIdWT/view,folder-item,common_spell With Note.docx,,failed,"Uploaded .docx you can view, but it is not shared by link: Drive only serves it to a normal browser download, which cannot be captured into the zip (in-page fetch blocked by CORS). File itself is accessible."
D18,Tibetan!B50,RA7B8FF79 ཤེས་རབ་སྙིང་པོའི་རྣམ་བཤད་ཡང་དག་ལྟ་བའི་མིག,https://docs.google.com/document/d/1Nk0ROdYXG1-1ZzNNq3MhHy2oRk4Jh7jN2fIHMQW5z-o/edit,folder-item,༄༅། །​ཤེས་རབ་སྙིང་པོའི་རྣམ་བཤད་ཡང་དག་ལྟ་བའི་མིག་ཅེས་བྱ་བ་བཞུགས་སོ།,Heart/D18__RA7B8FF79 ཤེས་རབ་སྙིང་པོའི་རྣམ་བཤད་ཡང་དག་ལྟ་བའི་མིག/Others/RA7B8FF79 ཤེས་རབ་སྙིང་པོའི་རྣམ་བཤད་ཡང་དག་ལྟ་བའི་མིག- ཡིག་རྐྱང་རྩེ་ཕུད། (Best E-Text)/༄༅། །​ཤེས་རབ་སྙིང་པོའི་རྣམ་བཤད་ཡང་དག་ལྟ་བའི་མིག་ཅེས་བྱ་བ་བཞུགས་སོ།.docx,downloaded,
D18,Tibetan!B50,RA7B8FF79 ཤེས་རབ་སྙིང་པོའི་རྣམ་བཤད་ཡང་དག་ལྟ་བའི་མིག,https://docs.google.com/document/d/1udiW1WB_CdR3ppgRO7uazTYMrS8XsoOJ2puu2Bt8iUU/edit,folder-item,Copy of RA7B8FF79 ཤེས་རབ་སྙིང་པོའི་རྣམ་བཤད་ཡང་དག་ལྟ་བའི་མིག -Segmentation,Heart/D18__RA7B8FF79 ཤེས་རབ་སྙིང་པོའི་རྣམ་བཤད་ཡང་དག་ལྟ་བའི་མིག/Others/Copy of RA7B8FF79 ཤེས་རབ་སྙིང་པོའི་རྣམ་བཤད་ཡང་དག་ལྟ་བའི་མིག -Segmentation.docx,downloaded,
D18,Tibetan!B50,RA7B8FF79 ཤེས་རབ་སྙིང་པོའི་རྣམ་བཤད་ཡང་དག་ལྟ་བའི་མིག,https://docs.google.com/document/d/1eVjbJGhzZqZ3ekwDAKykXxsODEeST6eC6esVlAHm70E/edit,folder-item,RA7B8FF79 ཤེས་རབ་སྙིང་པོའི་རྣམ་བཤད་ཡང་དག་ལྟ་བའི་མིག B-2,Heart/D18__RA7B8FF79 ཤེས་རབ་སྙིང་པོའི་རྣམ་བཤད་ཡང་དག་ལྟ་བའི་མིག/Others/RA7B8FF79 ཤེས་རབ་སྙིང་པོའི་རྣམ་བཤད་ཡང་དག་ལྟ་བའི་མིག B-2.docx,downloaded,
D18,Tibetan!B50,RA7B8FF79 ཤེས་རབ་སྙིང་པོའི་རྣམ་བཤད་ཡང་དག་ལྟ་བའི་མིག,https://docs.google.com/document/d/1a6OzIAZ1CbBtNBH6PvoVwWb70-xaeTe8KWf-kEoc2mA/edit,folder-item,RA7B8FF79 ཤེས་རབ་སྙིང་པོའི་རྣམ་བཤད་ཡང་དག་ལྟ་བའི་མིག-E2#,Heart/D18__RA7B8FF79 ཤེས་རབ་སྙིང་པོའི་རྣམ་བཤད་ཡང་དག་ལྟ་བའི་མིག/Others/RA7B8FF79 ཤེས་རབ་སྙིང་པོའི་རྣམ་བཤད་ཡང་དག་ལྟ་བའི་མིག-E2#.docx,downloaded,
D18,Tibetan!B50,RA7B8FF79 ཤེས་རབ་སྙིང་པོའི་རྣམ་བཤད་ཡང་དག་ལྟ་བའི་མིག,https://docs.google.com/document/d/1HgLmQcrvneYY7w5N0V4qpZMNAzPSCFse3uT3SRB9yqE/edit,folder-item,RA7B8FF79 ཤེས་རབ་སྙིང་པོའི་རྣམ་བཤད་ཡང་དག་ལྟ་བའི་མིག -Tsadel,Heart/D18__RA7B8FF79 ཤེས་རབ་སྙིང་པོའི་རྣམ་བཤད་ཡང་དག་ལྟ་བའི་མིག//RA7B8FF79 ཤེས་རབ་སྙིང་པོའི་རྣམ་བཤད་ཡང་དག་ལྟ་བའི་མིག -Tsadel.docx,downloaded,
D18,Tibetan!B50,RA7B8FF79 ཤེས་རབ་སྙིང་པོའི་རྣམ་བཤད་ཡང་དག་ལྟ་བའི་མིག,https://docs.google.com/document/d/1Xaiy49DoDpzlkMNukeIvs1H07sVKY-ebzsth40QKtn4/edit,folder-item,RA7B8FF79 ཤེས་རབ་སྙིང་པོའི་རྣམ་བཤད་ཡང་དག་ལྟ་བའི་མིག -Tsawa,Heart/D18__RA7B8FF79 ཤེས་རབ་སྙིང་པོའི་རྣམ་བཤད་ཡང་དག་ལྟ་བའི་མིག//RA7B8FF79 ཤེས་རབ་སྙིང་པོའི་རྣམ་བཤད་ཡང་དག་ལྟ་བའི་མིག -Tsawa.docx,downloaded,
D18,Tibetan!B50,RA7B8FF79 ཤེས་རབ་སྙིང་པོའི་རྣམ་བཤད་ཡང་དག་ལྟ་བའི་མིག,https://docs.google.com/spreadsheets/d/1L3_mYLbh3YTp26N1Fq2cwklLicGyMcJRgwyGhEuugbI/edit,folder-item,RA7B8FF79 ཤེས་རབ་སྙིང་པོའི་རྣམ་བཤད་ཡང་དག་ལྟ་བའི་མིག Metadata,Heart/D18__RA7B8FF79 ཤེས་རབ་སྙིང་པོའི་རྣམ་བཤད་ཡང་དག་ལྟ་བའི་མིག//RA7B8FF79 ཤེས་རབ་སྙིང་པོའི་རྣམ་བཤད་ཡང་དག་ལྟ་བའི་མིག Metadata.xlsx,downloaded,
D19,Tibetan!B51,RA25D53E9 འཕྲ་ཏིག་དང་པོ། ཤེས་རབ་སྙིང་པོའི་བཤད་འབུམ།,https://docs.google.com/document/d/1DHGW38j9U7BndxEs2zSKjsauIa_YJ0pJcVV282lBpbU/edit,folder-item,Copy of RA25D53E9 འཕྲ་ཏིག་དང་པོ། ཤེས་རབ་སྙིང་པོའི་བཤད་འབུམ།-Segmentation,Heart/D19__RA25D53E9 འཕྲ་ཏིག་དང་པོ། ཤེས་རབ་སྙིང་པོའི་བཤད་འབུམ།/Others/RA25D53E9 འཕྲ་ཏིག་དང་པོ། ཤེས་རབ་སྙིང་པོའི་བཤད་འབུམ།-Best E-Text/Copy of RA25D53E9 འཕྲ་ཏིག་དང་པོ། ཤེས་རབ་སྙིང་པོའི་བཤད་འབུམ།-Segmentation.docx,downloaded,
D19,Tibetan!B51,RA25D53E9 འཕྲ་ཏིག་དང་པོ། ཤེས་རབ་སྙིང་པོའི་བཤད་འབུམ།,https://docs.google.com/document/d/16hLy-scRUfbyjHOUQ7yh5Fsb9hMsgktyNU_86QGLBD4/edit,folder-item,RA25D53E9 འཕྲ་ཏིག་དང་པོ། ཤེས་རབ་སྙིང་པོའི་བཤད་འབུམ།-Without Note,Heart/D19__RA25D53E9 འཕྲ་ཏིག་དང་པོ། ཤེས་རབ་སྙིང་པོའི་བཤད་འབུམ།/Others/RA25D53E9 འཕྲ་ཏིག་དང་པོ། ཤེས་རབ་སྙིང་པོའི་བཤད་འབུམ།-Best E-Text/RA25D53E9 འཕྲ་ཏིག་དང་པོ། ཤེས་རབ་སྙིང་པོའི་བཤད་འབུམ།-Without Note.docx,downloaded,
D19,Tibetan!B51,RA25D53E9 འཕྲ་ཏིག་དང་པོ། ཤེས་རབ་སྙིང་པོའི་བཤད་འབུམ།,https://docs.google.com/document/d/1Pi4qYG40ET6UuZrVsyZ-kkg4XIexRzvVJqEn1aQbvLo/edit,folder-item,RA25D53E9 འཕྲ་ཏིག་དང་པོ། ཤེས་རབ་སྙིང་པོའི་བཤད་འབུམ།-E2,Heart/D19__RA25D53E9 འཕྲ་ཏིག་དང་པོ། ཤེས་རབ་སྙིང་པོའི་བཤད་འབུམ།/Others/RA25D53E9 འཕྲ་ཏིག་དང་པོ། ཤེས་རབ་སྙིང་པོའི་བཤད་འབུམ།-E2.docx,downloaded,
D19,Tibetan!B51,RA25D53E9 འཕྲ་ཏིག་དང་པོ། ཤེས་རབ་སྙིང་པོའི་བཤད་འབུམ།,https://docs.google.com/document/d/1yjztFfGnr3bbl_Q0vM_8GZSiPdmPT5kPSEGNAs7dP88/edit,folder-item,Copy of RA25D53E9 འཕྲ་ཏིག་དང་པོ། ཤེས་རབ་སྙིང་པོའི་བཤད་འབུམ།-Segmentation,Heart/D19__RA25D53E9 འཕྲ་ཏིག་དང་པོ། ཤེས་རབ་སྙིང་པོའི་བཤད་འབུམ།//Copy of RA25D53E9 འཕྲ་ཏིག་དང་པོ། ཤེས་རབ་སྙིང་པོའི་བཤད་འབུམ།-Segmentation.docx,downloaded,
D19,Tibetan!B51,RA25D53E9 འཕྲ་ཏིག་དང་པོ། ཤེས་རབ་སྙིང་པོའི་བཤད་འབུམ།,https://docs.google.com/spreadsheets/d/1tZKSyBfPG7CqnRhjDHidv5ArSbPAYA_BHUi8o0vgnVs/edit,folder-item,RA25D53E9 འཕྲ་ཏིག་དང་པོ། ཤེས་རབ་སྙིང་པོའི་བཤད་འབུམ། Metadata,Heart/D19__RA25D53E9 འཕྲ་ཏིག་དང་པོ། ཤེས་རབ་སྙིང་པོའི་བཤད་འབུམ།//RA25D53E9 འཕྲ་ཏིག་དང་པོ། ཤེས་རབ་སྙིང་པོའི་བཤད་འབུམ། Metadata.xlsx,downloaded,
D19,Tibetan!B51,RA25D53E9 འཕྲ་ཏིག་དང་པོ། ཤེས་རབ་སྙིང་པོའི་བཤད་འབུམ།,https://docs.google.com/document/d/1XNhWQEOl3b_puwvEjXwIhmpIka5gE0CZndcMVme4V7k/edit,folder-item,RA25D53E9 འཕྲ་ཏིག་དང་པོ། ཤེས་རབ་སྙིང་པོའི་བཤད་འབུམ།-Tsadel,Heart/D19__RA25D53E9 འཕྲ་ཏིག་དང་པོ། ཤེས་རབ་སྙིང་པོའི་བཤད་འབུམ།//RA25D53E9 འཕྲ་ཏིག་དང་པོ། ཤེས་རབ་སྙིང་པོའི་བཤད་འབུམ།-Tsadel.docx,downloaded,
D19,Tibetan!B51,RA25D53E9 འཕྲ་ཏིག་དང་པོ། ཤེས་རབ་སྙིང་པོའི་བཤད་འབུམ།,https://docs.google.com/document/d/1dJh7OFSwz-2cHgAuQ5x_Xh5xDYXvQJhcrNwf6qFPb7s/edit,folder-item,RA25D53E9 འཕྲ་ཏིག་དང་པོ། ཤེས་རབ་སྙིང་པོའི་བཤད་འབུམ།-Tsawa,Heart/D19__RA25D53E9 འཕྲ་ཏིག་དང་པོ། ཤེས་རབ་སྙིང་པོའི་བཤད་འབུམ།//RA25D53E9 འཕྲ་ཏིག་དང་པོ། ཤེས་རབ་སྙིང་པོའི་བཤད་འབུམ།-Tsawa.docx,downloaded,